Oyun Adi,Fiyat,URL,Diller,PEGI,Platformlar
Fortnite,Ücretsiz+,https://www.xbox.com/tr-TR/games/store/fortnite/BT5P2X999VH2/0001,13 Dil,N/A,Bilgisayar | Xbox One | Xbox Series X|S | Handheld
Call of Duty®: Warzone™,Ücretsiz+,https://www.xbox.com/tr-TR/games/store/call-of-duty-warzone/9NNFG8BQRCXL/0010,N/A,N/A,Bilgisayar | Xbox One | Xbox Series X|S
Tom Clancy's Rainbow Six® Siege - Ücretsiz Erişim,Ücretsiz+,https://www.xbox.com/tr-TR/games/store/tom-clancys-rainbow-six-siege-ucretsiz-erisim/9P4837D6TSFD/0010,N/A,N/A,Bilgisayar | Xbox One | Xbox Series X|S
Roblox - Xbox,Ücretsiz+,https://www.xbox.com/tr-TR/games/store/roblox-xbox/BQ1TN1T79V9K/0001,10 Dil,N/A,Bilgisayar | Xbox One | Xbox Series X|S
Resident Evil Requiem,"3.449,00 ₺+",https://www.xbox.com/tr-TR/games/store/resident-evil-requiem/9NMFWR0NRLZS/0010,N/A,N/A,Bilgisayar | Xbox Series X|S
Dead Island 2 Ultimate Edition,"2.499,00 ₺+",https://www.xbox.com/tr-TR/games/store/dead-island-2-ultimate-edition/9N0KRV3ZL4GQ/0010,N/A,N/A,Bilgisayar | Xbox One | Xbox Series X|S
Marathon Standard Edition,"1.499,00 ₺+",https://www.xbox.com/tr-TR/games/store/marathon-standard-edition/9P8MGMXNDV9B/0010,13 Dil,N/A,Bilgisayar | Xbox Series X|S
Rocket League®,Ücretsiz+,https://www.xbox.com/tr-TR/games/store/rocket-league/C125W9BG2K0V/0001,13 Dil,N/A,Bilgisayar | Xbox One | Xbox Series X|S
skate.™ (Oyun Önizlemesi),Ücretsiz+,https://www.xbox.com/tr-TR/games/store/skate-oyun-onizlemesi/9PHF9K5Q6ZLZ/0010,10 Dil,N/A,Bilgisayar | Xbox One | Xbox Series X|S
Resident Evil Requiem Deluxe Edition,"3.849,00 ₺+",https://www.xbox.com/tr-TR/games/store/resident-evil-requiem-deluxe-edition/9PC9TLBHHG89/0010,N/A,N/A,Bilgisayar | Xbox Series X|S
ARC Raiders,"1.650,00 ₺+",https://www.xbox.com/tr-TR/games/store/arc-raiders/9NDF1F263RZ4/0010,N/A,N/A,Bilgisayar | Xbox Series X|S | Handheld
NBA 2K26 Standard Edition,"2.900,00 ₺+",https://www.xbox.com/tr-TR/games/store/nba-2k26-standard-edition/9PJ2RVRC0L1X/0010,9 Dil,N/A,Bilgisayar | Xbox One | Xbox Series X|S
Roblox - Windows,Ücretsiz+,https://www.xbox.com/tr-TR/games/store/roblox-windows/9PMF91N3LZ3M/0010,N/A,N/A,Bilgisayar | Xbox One | Xbox Series X|S | Handheld
Minecraft Launcher,Ücretsiz+,https://www.xbox.com/tr-TR/games/store/minecraft-launcher/9PGW18NPBZV5/0010,N/A,N/A,Bilgisayar | Xbox One | Xbox Series X|S
Minecraft: Java & Bedrock Edition for PC,"1.199,00 ₺+",https://www.xbox.com/tr-TR/games/store/minecraft-java-bedrock-edition-for-pc/9NXP44L49SHJ/0010,N/A,N/A,Bilgisayar | Xbox Series X|S
Asphalt Legends,Ücretsiz+,https://www.xbox.com/tr-TR/games/store/asphalt-legends/9NZQPT0MWTD0/0010,13 Dil,N/A,Bilgisayar | Xbox One | Xbox Series X|S | Handheld
eFootball™,Ücretsiz+,https://www.xbox.com/tr-TR/games/store/efootball/9NT1ZBBV6WH6/0010,17 Dil,N/A,Bilgisayar | Xbox One | Xbox Series X|S | Handheld
EA SPORTS FC™ 26 SHOWCASE,Ücretsiz+,https://www.xbox.com/tr-TR/games/store/ea-sports-fc-26-showcase/9PP83QFF6TR4/0010,N/A,N/A,Bilgisayar | Xbox One | Xbox Series X|S
Call of Duty®: Modern Warfare® III,Ücretsiz+,https://www.xbox.com/tr-TR/games/store/call-of-duty-modern-warfare-iii/9PMFDKG5F9R7/0010,N/A,N/A,Bilgisayar | Xbox One | Xbox Series X|S | Handheld
Minecraft for Windows,,https://www.xbox.com/tr-TR/games/store/minecraft-for-windows/9NBLGGH2JHXJ/0010,N/A,N/A,Bilgisayar | Xbox Series X|S | Handheld
Battlefield™ REDSEC,Ücretsiz+,https://www.xbox.com/tr-TR/games/store/battlefield-redsec/9N8PLG9HD32S/0010,13 Dil,N/A,Bilgisayar | Xbox Series X|S
Call of Duty®: Modern Warfare® II - DMZ Beta,Ücretsiz,https://www.xbox.com/tr-TR/games/store/call-of-duty-modern-warfare-ii-dmz-beta/9PGLFS9MB9CG/0010,N/A,N/A,Bilgisayar | Xbox One | Xbox Series X|S
Call of Duty®: Modern Warfare® II,Ücretsiz+,https://www.xbox.com/tr-TR/games/store/call-of-duty-modern-warfare-ii/9N872NBW5XG5/0010,N/A,N/A,Bilgisayar | Xbox One | Xbox Series X|S | Handheld
Marathon Deluxe Edition,"2.249,00 ₺+",https://www.xbox.com/tr-TR/games/store/marathon-deluxe-edition/9P608K3JRMZB/0010,13 Dil,N/A,Bilgisayar | Xbox Series X|S
REANIMAL: Friend's Pass,Ücretsiz,https://www.xbox.com/tr-TR/games/store/reanimal-friends-pass/9NGSQD6JX1FT/0010,N/A,N/A,Bilgisayar | Xbox Series X|S | Handheld
Metro Saga Bundle,"2.200,00 ₺+",https://www.xbox.com/tr-TR/games/store/metro-saga-bundle/9N9Z4S1RD397/0010,N/A,N/A,Bilgisayar | Xbox One | Xbox Series X|S
Disney Speedstorm,Ücretsiz+,https://www.xbox.com/tr-TR/games/store/disney-speedstorm/9PMR3T9NSF8W/0010,13 Dil,N/A,Bilgisayar | Xbox One | Xbox Series X|S | Handheld
Microsoft Mahjong,Ücretsiz+,https://www.xbox.com/tr-TR/games/store/microsoft-mahjong/9WZDNCRFHWCP/0010,N/A,N/A,Bilgisayar | Xbox Series X|S
"Minecraft Deluxe Collection, Bedrock ve Bilgisayar için Java","1.599,00 ₺+",https://www.xbox.com/tr-TR/games/store/minecraft-deluxe-collection-bedrock-ve-bilgisayar-icin-java/9NQGKTXR9BZF/0010,N/A,N/A,Bilgisayar | Xbox Series X|S
FORTNITE: Mazi,Ücretsiz+,https://www.xbox.com/tr-TR/games/store/fortnite-mazi/9PC5KKHSMCT5/0010,13 Dil,N/A,Bilgisayar | Xbox One | Xbox Series X|S
Marvel Rivals,Ücretsiz+,https://www.xbox.com/tr-TR/games/store/marvel-rivals/9N8PMW7QMD3D/0010,11 Dil,N/A,Bilgisayar | Xbox Series X|S
Fortnite Battle Royale,Ücretsiz+,https://www.xbox.com/tr-TR/games/store/fortnite-battle-royale/9P6LNN3KZ75R/0010,13 Dil,N/A,Bilgisayar | Xbox One | Xbox Series X|S
Fall Guys,Ücretsiz+,https://www.xbox.com/tr-TR/games/store/fall-guys/9PMXH5249DG5/0010,14 Dil,N/A,Bilgisayar | Xbox One | Xbox Series X|S
Microsoft Minesweeper,Ücretsiz+,https://www.xbox.com/tr-TR/games/store/microsoft-minesweeper/9WZDNCRFHWCN/0010,N/A,N/A,Bilgisayar | Xbox Series X|S
Delta Force,Ücretsiz+,https://www.xbox.com/tr-TR/games/store/delta-force/9NRMZXGKP4NM/0010,12 Dil,N/A,Bilgisayar | Xbox Series X|S
The Sims™ 4,Ücretsiz+,https://www.xbox.com/tr-TR/games/store/the-sims-4/C08JXNK0VG5L/0001,15 Dil,N/A,Bilgisayar | Xbox One | Xbox Series X|S
EA SPORTS FC™ 26 Standart Sürüm Xbox One ve Xbox Series X|S,"2.899,99 ₺+",https://www.xbox.com/tr-TR/games/store/ea-sports-fc-26-standart-surum-xbox-one-ve-xbox-series-xs/9MXZBTLG26VX/0010,21 Dil,N/A,Bilgisayar | Xbox One | Xbox Series X|S
War Thunder,Ücretsiz+,https://www.xbox.com/tr-TR/games/store/war-thunder/BX1DTCBD1HXJ/0001,11 Dil,N/A,Bilgisayar | Xbox One | Xbox Series X|S | Handheld
Candy Crush Saga,Ücretsiz+,https://www.xbox.com/tr-TR/games/store/candy-crush-saga/9NBLGGH18846/0010,N/A,N/A,Bilgisayar | Xbox Series X|S
Minecraft,"749,00 ₺+",https://www.xbox.com/tr-TR/games/store/minecraft/9MVXMVT8ZKWC/0010,25 Dil,N/A,Bilgisayar | Xbox One | Xbox Series X|S
Apex Legends™,Ücretsiz+,https://www.xbox.com/tr-TR/games/store/apex-legends/BV9ML45J2Q5V/0001,13 Dil,N/A,Bilgisayar | Xbox One | Xbox Series X|S
Halo Infinite,Ücretsiz+,https://www.xbox.com/tr-TR/games/store/halo-infinite/9PP5G1F0C2B6/0010,15 Dil,N/A,Bilgisayar | Xbox One | Xbox Series X|S | Handheld
PUBG: BATTLEGROUNDS,Ücretsiz+,https://www.xbox.com/tr-TR/games/store/pubg-battlegrounds/C0MN5DN8KR3F/0001,17 Dil,N/A,Bilgisayar | Xbox One | Xbox Series X|S
Stumble Guys,Ücretsiz+,https://www.xbox.com/tr-TR/games/store/stumble-guys/9N9L211HC9LQ/0010,14 Dil,N/A,Bilgisayar | Xbox One | Xbox Series X|S
It Takes Two - Friend's Pass,Ücretsiz+,https://www.xbox.com/tr-TR/games/store/it-takes-two-friends-pass/9NMG7ZJ9XK0H/0010,N/A,N/A,Bilgisayar | Xbox One | Xbox Series X|S
Overwatch®,Ücretsiz+,https://www.xbox.com/tr-TR/games/store/overwatch/C1C4DZJPBC2V/0001,14 Dil,N/A,Bilgisayar | Xbox One | Xbox Series X|S
Xbox Series X|S için NBA 2K26,,https://www.xbox.com/tr-TR/games/store/xbox-series-xs-icin-nba-2k26/9NFKCJNBR34N/0010,9 Dil,N/A,Bilgisayar | Xbox One | Xbox Series X|S
Genshin Impact,Ücretsiz+,https://www.xbox.com/tr-TR/games/store/genshin-impact/9N7TFFRRZCC9/0010,14 Dil,N/A,Bilgisayar | Xbox Series X|S
The Outlast Trials,"262,80 ₺+",https://www.xbox.com/tr-TR/games/store/the-outlast-trials/9NR13RF1V2WV/0010,14 Dil,N/A,Bilgisayar | Xbox One | Xbox Series X|S
Need for Speed™ Heat Deluxe Edition,"26,95 ₺+",https://www.xbox.com/tr-TR/games/store/need-for-speed-heat-deluxe-edition/BVH2R2SBWL51/0001,N/A,N/A,Bilgisayar | Xbox One | Xbox Series X|S
VALORANT,Ücretsiz+,https://www.xbox.com/tr-TR/games/store/valorant/9N1NLJK9SKRN/0010,N/A,N/A,Bilgisayar | Xbox Series X|S
Battlefield™ 6,"1.739,99 ₺+",https://www.xbox.com/tr-TR/games/store/battlefield-6/9P2FF14JZLL3/0010,13 Dil,N/A,Bilgisayar | Xbox Series X|S
Call of Duty®: Black Ops II,"647,99 ₺+",https://www.xbox.com/tr-TR/games/store/call-of-duty-black-ops-ii/C1QJM5XT9SXV/0001,N/A,N/A,Bilgisayar | Xbox One | Xbox Series X|S
Vigor,Ücretsiz+,https://www.xbox.com/tr-TR/games/store/vigor/BQL8L17RV09Z/0001,9 Dil,N/A,Bilgisayar | Xbox One | Xbox Series X|S
Rec Room,Ücretsiz+,https://www.xbox.com/tr-TR/games/store/rec-room/9PGPQK0XTHRZ/0010,N/A,N/A,Bilgisayar | Xbox One | Xbox Series X|S
MLB® The Show™ 26 - Digital Deluxe Edition (Ön Sipariş),"4.100,00 ₺+",https://www.xbox.com/tr-TR/games/store/mlb-the-show-26-digital-deluxe-edition-on-siparis/9NF00BDD666N/0010,N/A,N/A,Bilgisayar | Xbox Series X|S
Forza Horizon 5 Standard Edition,"999,00 ₺+",https://www.xbox.com/tr-TR/games/store/forza-horizon-5-standard-edition/9NKX70BBCDRN/0010,N/A,N/A,Bilgisayar | Xbox One | Xbox Series X|S
Mortal Kombat 11,"349,00 ₺+",https://www.xbox.com/tr-TR/games/store/mortal-kombat-11/BTC0L0BW6LWC/0001,9 Dil,N/A,Bilgisayar | Xbox One | Xbox Series X|S | Handheld
EA SPORTS™ Madden NFL 26,"2.899,99 ₺+",https://www.xbox.com/tr-TR/games/store/ea-sports-madden-nfl-26/9NVD16NP4J8T/0010,N/A,N/A,Bilgisayar | Xbox Series X|S
Roadside Research (Oyun ön izleme),"529,00 ₺",https://www.xbox.com/tr-TR/games/store/roadside-research-oyun-on-izleme/9PFNXM9G4N83/0010,15 Dil,N/A,Bilgisayar | Xbox One | Xbox Series X|S | Handheld
Pool Blitz,Ücretsiz+,https://www.xbox.com/tr-TR/games/store/pool-blitz/9NX2FLJQ8QBN/0010,6 Dil,N/A,Bilgisayar | Xbox One | Xbox Series X|S | Handheld
Homefront®: The Revolution 'Freedom Fighter' Bundle,"100,00 ₺+",https://www.xbox.com/tr-TR/games/store/homefront-the-revolution-freedom-fighter-bundle/BQ1Q84V1SXCC/0001,N/A,N/A,Bilgisayar | Xbox One | Xbox Series X|S
Fishing Planet,Ücretsiz+,https://www.xbox.com/tr-TR/games/store/fishing-planet/BVM002M8HH0S/0001,8 Dil,N/A,Bilgisayar | Xbox One | Xbox Series X|S
EA SPORTS FC™ 26 TOTY Sürümü Xbox One ve Xbox Series X|S,"3.599,99 ₺+",https://www.xbox.com/tr-TR/games/store/ea-sports-fc-26-toty-surumu-xbox-one-ve-xbox-series-xs/9MZPSB9T76KB/0010,21 Dil,N/A,Bilgisayar | Xbox One | Xbox Series X|S
Phasmophobia (Oyun ön izleme),"675,00 ₺",https://www.xbox.com/tr-TR/games/store/phasmophobia-oyun-on-izleme/9N6D60SBZN05/0010,8 Dil,N/A,Bilgisayar | Xbox Series X|S
Pixel Strike 3D,Ücretsiz+,https://www.xbox.com/tr-TR/games/store/pixel-strike-3d/9P4909RMFJRC/0010,2 Dil,N/A,Bilgisayar | Xbox One | Xbox Series X|S
Resident Evil Revelations 2 (Episode One),Ücretsiz+,https://www.xbox.com/tr-TR/games/store/resident-evil-revelations-2-episode-one/C2BD1F6CB3L5/0001,N/A,N/A,Bilgisayar | Xbox One | Xbox Series X|S
Little Nightmares III – Free Trial & Friend's Pass,Ücretsiz+,https://www.xbox.com/tr-TR/games/store/little-nightmares-iii-free-trial-friends-pass/9P96KKM6TFBN/0010,15 Dil,N/A,Bilgisayar | Xbox One | Xbox Series X|S
EA SPORTS™ College Football 26,"2.899,99 ₺+",https://www.xbox.com/tr-TR/games/store/ea-sports-college-football-26/9NLKS78C4F3Z/0010,1 Dil,N/A,Bilgisayar | Xbox Series X|S
Rocket Racing,Ücretsiz+,https://www.xbox.com/tr-TR/games/store/rocket-racing/9PB4WLWQS892/0010,13 Dil,N/A,Bilgisayar | Xbox One | Xbox Series X|S
Microsoft Solitaire Collection,Ücretsiz+,https://www.xbox.com/tr-TR/games/store/microsoft-solitaire-collection/9WZDNCRFHWD2/0010,N/A,N/A,Bilgisayar | Xbox Series X|S
THE FINALS,Ücretsiz+,https://www.xbox.com/tr-TR/games/store/the-finals/9PGD71CMDS0Z/0010,N/A,N/A,Bilgisayar | Xbox Series X|S
Assassin's Creed Shadows,"1.400,00 ₺+",https://www.xbox.com/tr-TR/games/store/assassins-creed-shadows/9P42LWGMC7K4/0010,13 Dil,N/A,Bilgisayar | Xbox Series X|S
Brawlhalla,Ücretsiz+,https://www.xbox.com/tr-TR/games/store/brawlhalla/C3B1V55CDL0C/0001,11 Dil,N/A,Bilgisayar | Xbox One | Xbox Series X|S
Tom Clancy's Rainbow Six® Siege - Elit Sürüm,"350,00 ₺+",https://www.xbox.com/tr-TR/games/store/tom-clancys-rainbow-six-siege-elit-surum/9PB3RHWXB9MR/0010,N/A,N/A,Bilgisayar | Xbox One | Xbox Series X|S
UFL,Ücretsiz+,https://www.xbox.com/tr-TR/games/store/ufl/9NBBQK8PR7D6/0010,14 Dil,N/A,Bilgisayar | Xbox Series X|S
Saints Row The Third Remastered,"749,00 ₺",https://www.xbox.com/tr-TR/games/store/saints-row-the-third-remastered/BXHMPV1JT9WH/0001,N/A,N/A,Bilgisayar | Xbox One | Xbox Series X|S
The Walking Dead,Ücretsiz+,https://www.xbox.com/tr-TR/games/store/the-walking-dead/BR1ZD21DCXJR/0001,N/A,N/A,Bilgisayar | Xbox One | Xbox Series X|S
HELLDIVERS™ 2,"1.749,00 ₺+",https://www.xbox.com/tr-TR/games/store/helldivers-2/9P3PT7PQJD0M/0010,15 Dil,N/A,Bilgisayar | Xbox Series X|S
Maximum Football,Ücretsiz+,https://www.xbox.com/tr-TR/games/store/maximum-football/9N5NG663BKSF/0010,1 Dil,N/A,Bilgisayar | Xbox One | Xbox Series X|S
Destiny 2,Ücretsiz+,https://www.xbox.com/tr-TR/games/store/destiny-2/BPQ955FQFPH6/0001,14 Dil,N/A,Bilgisayar | Xbox One | Xbox Series X|S
Hamster Playground,Ücretsiz+,https://www.xbox.com/tr-TR/games/store/hamster-playground/9NHQC2J6R4W7/0010,36 Dil,N/A,Bilgisayar | Xbox One | Xbox Series X|S
Poppy Playtime: Chapter 1,"14,00 ₺",https://www.xbox.com/tr-TR/games/store/poppy-playtime-chapter-1/9NQGGN01771Z/0010,9 Dil,N/A,Bilgisayar | Xbox One | Xbox Series X|S
Warframe,Ücretsiz+,https://www.xbox.com/tr-TR/games/store/warframe/BPS3XF74B9V1/0001,13 Dil,N/A,Bilgisayar | Xbox One | Xbox Series X|S
Palia,Ücretsiz+,https://www.xbox.com/tr-TR/games/store/palia/9MTLHG50W87K/0010,10 Dil,N/A,Bilgisayar | Xbox Series X|S
World of Tanks Blitz,Ücretsiz+,https://www.xbox.com/tr-TR/games/store/world-of-tanks-blitz/9NBLGGH202H8/0010,N/A,N/A,Bilgisayar | Xbox Series X|S
MY HERO ULTRA RUMBLE,Ücretsiz+,https://www.xbox.com/tr-TR/games/store/my-hero-ultra-rumble/9MZ607S3NJRB/0010,N/A,N/A,Bilgisayar | Xbox One | Xbox Series X|S
World of Tanks Modern Armor – Demir Ufuk Başlangıç Paketi,Ücretsiz+,https://www.xbox.com/tr-TR/games/store/world-of-tanks-modern-armor-demir-ufuk-baslangic-paketi/9PD9W19W0DXL/0010,N/A,N/A,Bilgisayar | Xbox One | Xbox Series X|S
Mortal Kombat™ 1,"1.749,00 ₺+",https://www.xbox.com/tr-TR/games/store/mortal-kombat-1/9N7271QN4SGB/0010,9 Dil,N/A,Bilgisayar | Xbox Series X|S | Handheld
Starlit Kart Racing,Ücretsiz+,https://www.xbox.com/tr-TR/games/store/starlit-kart-racing/9PP6RNF7V71T/0010,N/A,N/A,Bilgisayar | Xbox One | Xbox Series X|S
Batman: Return to Arkham,"175,00 ₺",https://www.xbox.com/tr-TR/games/store/batman-return-to-arkham/BRW49CBS558D/0001,N/A,N/A,Bilgisayar | Xbox One | Xbox Series X|S
UFC™ 5 Deluxe Edition,"3.299,99 ₺+",https://www.xbox.com/tr-TR/games/store/ufc-5-deluxe-edition/9NXTCLM90W7V/0010,N/A,N/A,Bilgisayar | Xbox Series X|S
2XKO,Ücretsiz+,https://www.xbox.com/tr-TR/games/store/2xko/9PNWBQ5561CK/0010,N/A,N/A,Bilgisayar | Xbox Series X|S
Split Fiction - Friend's Pass,Ücretsiz+,https://www.xbox.com/tr-TR/games/store/split-fiction-friends-pass/9NZV0DZQP4QM/0010,10 Dil,N/A,Bilgisayar | Xbox Series X|S
REANIMAL,"1.749,00 ₺+",https://www.xbox.com/tr-TR/games/store/reanimal/9N67DHNP2M0T/0010,15 Dil,N/A,Bilgisayar | Xbox Series X|S | Handheld
Kingdom Come: Deliverance - Royal Edition,"1.398,00 ₺+",https://www.xbox.com/tr-TR/games/store/kingdom-come-deliverance-royal-edition/BQJKD0DJ1Q8J/0001,N/A,N/A,Bilgisayar | Xbox One | Xbox Series X|S
TCG Card Shop Simulator (Game Preview),"819,00 ₺",https://www.xbox.com/tr-TR/games/store/tcg-card-shop-simulator-game-preview/9P9GX5D8H9DW/0010,N/A,N/A,Bilgisayar | Xbox One | Xbox Series X|S | Handheld
Hogwarts Legacy,"389,85 ₺+",https://www.xbox.com/tr-TR/games/store/hogwarts-legacy/9MT5NJ5W7B8Z/0010,15 Dil,N/A,Bilgisayar | Xbox One | Xbox Series X|S | Handheld
NHL 26 Standard Edition Xbox Series X|S,"1.159,99 ₺+",https://www.xbox.com/tr-TR/games/store/nhl-26-standard-edition-xbox-series-xs/9N5KC05F95XM/0010,N/A,N/A,Bilgisayar | Xbox Series X|S
Who's Your Daddy?!,"65,00 ₺",https://www.xbox.com/tr-TR/games/store/whos-your-daddy/9NG3C8RL2SLN/0010,1 Dil,N/A,Bilgisayar | Xbox One | Xbox Series X|S
Red Dead Redemption,"1.749,00 ₺+",https://www.xbox.com/tr-TR/games/store/red-dead-redemption/9P5B3ZVDK19D/0010,13 Dil,N/A,Bilgisayar | Xbox One | Xbox Series X|S
Dead Island Definitive Collection,"65,00 ₺",https://www.xbox.com/tr-TR/games/store/dead-island-definitive-collection/BPQT0CXNCMRK/0001,N/A,N/A,Bilgisayar | Xbox One | Xbox Series X|S
Aimlabs,Ücretsiz+,https://www.xbox.com/tr-TR/games/store/aimlabs/9P7CM8QNR6QH/0010,1 Dil,N/A,Bilgisayar | Xbox Series X|S
Poppy Playtime: Chapter 4,"56,25 ₺",https://www.xbox.com/tr-TR/games/store/poppy-playtime-chapter-4/9N31K5CWW4K8/0010,9 Dil,N/A,Bilgisayar | Xbox One | Xbox Series X|S
Among Us,"14,00 ₺+",https://www.xbox.com/tr-TR/games/store/among-us/9NG07QJNK38J/0010,15 Dil,N/A,Bilgisayar | Xbox One | Xbox Series X|S | Handheld
Trackmania®,Ücretsiz+,https://www.xbox.com/tr-TR/games/store/trackmania/9N01MR5LF53S/0010,16 Dil,N/A,Bilgisayar | Xbox One | Xbox Series X|S
Poppy Playtime: Chapter 2,"28,75 ₺",https://www.xbox.com/tr-TR/games/store/poppy-playtime-chapter-2/9NZN01GKH29D/0010,9 Dil,N/A,Bilgisayar | Xbox One | Xbox Series X|S
Poppy Playtime Toybox 1,"1.029,00 ₺",https://www.xbox.com/tr-TR/games/store/poppy-playtime-toybox-1/9P3Q4X3NDTVS/0010,9 Dil,N/A,Bilgisayar | Xbox One | Xbox Series X|S
HITMAN WOA Free Demo ft. Patient Zero Requiem,Ücretsiz+,https://www.xbox.com/tr-TR/games/store/hitman-woa-free-demo-ft-patient-zero-requiem/9NVJWR50KRXX/0010,8 Dil,N/A,Bilgisayar | Xbox One | Xbox Series X|S
Enlisted,Ücretsiz+,https://www.xbox.com/tr-TR/games/store/enlisted/9NHKL695M9F2/0010,N/A,N/A,Bilgisayar | Xbox One | Xbox Series X|S | Handheld
Warface: Clutch,Ücretsiz+,https://www.xbox.com/tr-TR/games/store/warface-clutch/BQ49WQ00XTWX/0001,12 Dil,N/A,Bilgisayar | Xbox One | Xbox Series X|S
Zenless Zone Zero,Ücretsiz+,https://www.xbox.com/tr-TR/games/store/zenless-zone-zero/9N4X0WFZ2STM/0010,12 Dil,N/A,Bilgisayar | Xbox Series X|S
Crimson Desert Deluxe Sürüm,"3.449,00 ₺",https://www.xbox.com/tr-TR/games/store/crimson-desert-deluxe-surum/9PF7H9KVDBX3/0017,14 Dil,N/A,Bilgisayar | Xbox Series X|S
The First Descendant,Ücretsiz+,https://www.xbox.com/tr-TR/games/store/the-first-descendant/9P8FBXKMCLWC/0010,12 Dil,N/A,Bilgisayar | Xbox One | Xbox Series X|S | Handheld
Call of Duty®: Black Ops,"719,99 ₺+",https://www.xbox.com/tr-TR/games/store/call-of-duty-black-ops/BVMGCSX6XPC9/0001,8 Dil,N/A,Bilgisayar | Xbox One | Xbox Series X|S
Fortnite Balistik,Ücretsiz+,https://www.xbox.com/tr-TR/games/store/fortnite-balistik/9NTWMW2L2B3D/0010,N/A,N/A,Bilgisayar | Xbox One | Xbox Series X|S
NBA 2K26 Superstar Edition,"3.600,00 ₺+",https://www.xbox.com/tr-TR/games/store/nba-2k26-superstar-edition/9NTMWS185JZT/0010,9 Dil,N/A,Bilgisayar | Xbox One | Xbox Series X|S
Poppy Playtime: Chapter 3,"42,50 ₺",https://www.xbox.com/tr-TR/games/store/poppy-playtime-chapter-3/9N2XTQT0D3PX/0010,9 Dil,N/A,Bilgisayar | Xbox One | Xbox Series X|S
PGA TOUR 2K25,"2.599,00 ₺+",https://www.xbox.com/tr-TR/games/store/pga-tour-2k25/9MWJ5DWVFVGW/0010,N/A,N/A,Bilgisayar | Xbox One | Xbox Series X|S
3on3 FreeStyle,Ücretsiz+,https://www.xbox.com/tr-TR/games/store/3on3-freestyle/BQF41W70ZLSV/0001,9 Dil,N/A,Bilgisayar | Xbox One | Xbox Series X|S | Handheld
UFC™ 5,"2.899,99 ₺+",https://www.xbox.com/tr-TR/games/store/ufc-5/9NH8K4B707H0/0010,N/A,N/A,Bilgisayar | Xbox Series X|S
Valheim (Oyun ön izleme),"550,00 ₺",https://www.xbox.com/tr-TR/games/store/valheim-oyun-on-izleme/9NCBL78CG9N7/0010,N/A,N/A,Bilgisayar | Xbox One | Xbox Series X|S | Handheld
Ultimate General: Civil War,"1.229,00 ₺",https://www.xbox.com/tr-TR/games/store/ultimate-general-civil-war/9PMS5K27W1LK/0010,8 Dil,N/A,Bilgisayar | Xbox Series X|S | Handheld
Off The Grid (Game Preview),Ücretsiz+,https://www.xbox.com/tr-TR/games/store/off-the-grid-game-preview/9P87KLGFFB0H/0010,9 Dil,N/A,Bilgisayar | Xbox Series X|S
Injustice™ 2,"140,00 ₺+",https://www.xbox.com/tr-TR/games/store/injustice-2/BPKVH4C4XV4N/0001,11 Dil,N/A,Bilgisayar | Xbox One | Xbox Series X|S | Handheld
SPLITGATE: Arena Reloaded,Ücretsiz+,https://www.xbox.com/tr-TR/games/store/splitgate-arena-reloaded/9PF5Q1B0FHSL/0010,15 Dil,N/A,Bilgisayar | Xbox One | Xbox Series X|S | Handheld
Call of Duty®: Modern Warfare® 2,"39,35 ₺+",https://www.xbox.com/tr-TR/games/store/call-of-duty-modern-warfare-2/C2NNGCPR2XP8/0001,10 Dil,N/A,Bilgisayar | Xbox One | Xbox Series X|S
Yu-Gi-Oh! Master Duel,Ücretsiz+,https://www.xbox.com/tr-TR/games/store/yu-gi-oh-master-duel/9N9GL8NX4WW8/0010,N/A,N/A,Bilgisayar | Xbox One | Xbox Series X|S
Coloring Book,Ücretsiz+,https://www.xbox.com/tr-TR/games/store/coloring-book/9P4W8H2HNLN4/0010,2 Dil,N/A,Bilgisayar | Xbox One | Xbox Series X|S | Handheld
The Walking Dead: Season Two,Ücretsiz+,https://www.xbox.com/tr-TR/games/store/the-walking-dead-season-two/BRFKNLB9B2ZW/0001,N/A,N/A,Bilgisayar | Xbox One | Xbox Series X|S
Mortal Shell: Enhanced Edition,"14,04 ₺+",https://www.xbox.com/tr-TR/games/store/mortal-shell-enhanced-edition/9PC2BJDXR2LK/0010,N/A,N/A,Bilgisayar | Xbox One | Xbox Series X|S | Handheld
Crimson Desert,"2.999,00 ₺",https://www.xbox.com/tr-TR/games/store/crimson-desert/9NDMB2SMQ5Q7/0017,14 Dil,N/A,Bilgisayar | Xbox Series X|S
Ready or Not: Digital Deluxe Edition,"2.199,99 ₺+",https://www.xbox.com/tr-TR/games/store/ready-or-not-digital-deluxe-edition/9PGSCVZP98QG/0010,12 Dil,N/A,Bilgisayar | Xbox Series X|S
Microsoft Treasure Hunt,Ücretsiz,https://www.xbox.com/tr-TR/games/store/microsoft-treasure-hunt/9WZDNCRFHW9G/0010,N/A,N/A,Bilgisayar | Xbox Series X|S
LEGO® Fortnite: Odyssey,Ücretsiz+,https://www.xbox.com/tr-TR/games/store/lego-fortnite-odyssey/9PJFMVBP16CT/0010,13 Dil,N/A,Bilgisayar | Xbox One | Xbox Series X|S
Deceit 2,Ücretsiz+,https://www.xbox.com/tr-TR/games/store/deceit-2/9N9XNDQB8CL1/0010,12 Dil,N/A,Bilgisayar | Xbox Series X|S
F1® 25,"2.899,99 ₺+",https://www.xbox.com/tr-TR/games/store/f1-25/9NWPW7F19FS5/0010,N/A,N/A,Bilgisayar | Xbox Series X|S
World of Warships: Legends - Hızlı Başlangıç 8,Ücretsiz+,https://www.xbox.com/tr-TR/games/store/world-of-warships-legends-hizli-baslangic-8/9P7C814B3TXJ/0010,10 Dil,N/A,Bilgisayar | Xbox One | Xbox Series X|S
Cup Heroes,Ücretsiz+,https://www.xbox.com/tr-TR/games/store/cup-heroes/9NCD341CHC8G/0010,12 Dil,N/A,Bilgisayar | Xbox One | Xbox Series X|S | Handheld
Call of Duty®: Modern Warfare® 3,"39,35 ₺+",https://www.xbox.com/tr-TR/games/store/call-of-duty-modern-warfare-3/BXZLCHZT8NDF/0001,N/A,N/A,Bilgisayar | Xbox One | Xbox Series X|S
The Walking Dead: A New Frontier,Ücretsiz+,https://www.xbox.com/tr-TR/games/store/the-walking-dead-a-new-frontier/9NBLGGH4VXPM/0010,N/A,N/A,Bilgisayar | Xbox Series X|S | Handheld
Agents of Mayhem - Total Mayhem Bundle,"76,50 ₺+",https://www.xbox.com/tr-TR/games/store/agents-of-mayhem-total-mayhem-bundle/C56L6F8GR9LS/0001,N/A,N/A,Bilgisayar | Xbox One | Xbox Series X|S
Life Is Strange,Ücretsiz+,https://www.xbox.com/tr-TR/games/store/life-is-strange/BP5HKF86C1NJ/0001,N/A,N/A,Bilgisayar | Xbox One | Xbox Series X|S
EA SPORTS FC™ 26 Xbox Series X|S,,https://www.xbox.com/tr-TR/games/store/ea-sports-fc-26-xbox-series-xs/9P9FTXPKQ35P/0010,21 Dil,N/A,Bilgisayar | Xbox One | Xbox Series X|S
Call of Duty®: World at War,"32,00 ₺+",https://www.xbox.com/tr-TR/games/store/call-of-duty-world-at-war/C4P9QWXCHKNJ/0001,9 Dil,N/A,Bilgisayar | Xbox One | Xbox Series X|S
Palworld (Game Preview),"900,00 ₺",https://www.xbox.com/tr-TR/games/store/palworld-game-preview/9NKV34XDW014/0010,16 Dil,N/A,Bilgisayar | Xbox One | Xbox Series X|S | Handheld
EA SPORTS™ Playoff Bundle (Madden NFL 26 Standart Sürüm ve College Football 26 Standart Sürüm),"3.999,99 ₺+",https://www.xbox.com/tr-TR/games/store/ea-sports-playoff-bundle-madden-nfl-26-standart-surum-ve-college-football-26-standart-surum/9P8F8CT7WT6D/0010,N/A,N/A,Bilgisayar | Xbox Series X|S
Tom Clancy's The Division 2 - Altın Sürüm,"290,00 ₺+",https://www.xbox.com/tr-TR/games/store/tom-clancys-the-division-2-altin-surum/9N73ZTV428K2/0010,N/A,N/A,Bilgisayar | Xbox One | Xbox Series X|S
Tom Clancy's The Division - Mutlak Sürüm,"262,35 ₺+",https://www.xbox.com/tr-TR/games/store/tom-clancys-the-division-mutlak-surum/9PGFFB0WZPKH/0010,N/A,N/A,Bilgisayar | Xbox One | Xbox Series X|S
Assetto Corsa Ultimate Edition,"100,00 ₺+",https://www.xbox.com/tr-TR/games/store/assetto-corsa-ultimate-edition/BNQD9TWQ10PC/0001,N/A,N/A,Bilgisayar | Xbox One | Xbox Series X|S
Nobody Wants to Die,"629,00 ₺",https://www.xbox.com/tr-TR/games/store/nobody-wants-to-die/9PJXGVSH37F4/0010,11 Dil,N/A,Bilgisayar | Xbox Series X|S
Deadlight: Director's Cut,"46,25 ₺+",https://www.xbox.com/tr-TR/games/store/deadlight-directors-cut/C0SKP911GZMV/0001,N/A,N/A,Bilgisayar | Xbox One | Xbox Series X|S
Saints Row IV: Re-Elected & Gat out of Hell,"76,50 ₺+",https://www.xbox.com/tr-TR/games/store/saints-row-iv-re-elected-gat-out-of-hell/BQT9LF5VCDPC/0001,N/A,N/A,Bilgisayar | Xbox One | Xbox Series X|S
Descenders,"156,25 ₺",https://www.xbox.com/tr-TR/games/store/descenders/C37XBX7DCBZ0/0001,12 Dil,N/A,Bilgisayar | Xbox One | Xbox Series X|S
Undisputed,"2.149,00 ₺+",https://www.xbox.com/tr-TR/games/store/undisputed/9NQ6Z171XZX8/0010,10 Dil,N/A,Bilgisayar | Xbox Series X|S
Forza Horizon 6 Premium Edition,"5.199,00 ₺+",https://www.xbox.com/tr-TR/games/store/forza-horizon-6-premium-edition/9NDBXSJFP7DH/0017,N/A,N/A,Bilgisayar | Xbox Series X|S
Resident Evil 4,"1.399,00 ₺+",https://www.xbox.com/tr-TR/games/store/resident-evil-4/9N7JCPPCPN37/0010,14 Dil,N/A,Bilgisayar | Xbox Series X|S
Middle-earth™: Shadow of War™,"180,00 ₺+",https://www.xbox.com/tr-TR/games/store/middle-earth-shadow-of-war/9PDV8FKWP3B4/0010,14 Dil,N/A,Bilgisayar | Xbox One | Xbox Series X|S
FragPunk,Ücretsiz+,https://www.xbox.com/tr-TR/games/store/fragpunk/9MW715J1P29D/0010,10 Dil,N/A,Bilgisayar | Xbox Series X|S
Sekiro™: Shadows Die Twice - GOTY Sürümü,"283,00 ₺",https://www.xbox.com/tr-TR/games/store/sekiro-shadows-die-twice-goty-surumu/BQD5WRRP2D6Q/0001,14 Dil,N/A,Bilgisayar | Xbox One | Xbox Series X|S
Sniper Elite 4 Digital Deluxe Edition,"320,00 ₺+",https://www.xbox.com/tr-TR/games/store/sniper-elite-4-digital-deluxe-edition/C2T7QDLPDRFL/0001,N/A,N/A,Bilgisayar | Xbox One | Xbox Series X|S
NARAKA: BLADEPOINT,Ücretsiz+,https://www.xbox.com/tr-TR/games/store/naraka-bladepoint/9P8SQQJ5T94B/0010,14 Dil,N/A,Bilgisayar | Xbox One | Xbox Series X|S | Handheld
Grand Theft Auto V (Xbox Series X|S),"1.399,00 ₺+",https://www.xbox.com/tr-TR/games/store/grand-theft-auto-v-xbox-series-xs/9NXMBTB02ZSF/0010,14 Dil,N/A,Bilgisayar | Xbox One | Xbox Series X|S
MLB® The Show™ 26 Standard Edition (Ön Sipariş),"2.800,00 ₺+",https://www.xbox.com/tr-TR/games/store/mlb-the-show-26-standard-edition-on-siparis/9P787W24H05M/0017,N/A,N/A,Bilgisayar | Xbox Series X|S
RIDE 5 - Special Edition,"3.849,00 ₺+",https://www.xbox.com/tr-TR/games/store/ride-5-special-edition/9NLHNRBRRNWD/0010,10 Dil,N/A,Bilgisayar | Xbox Series X|S
Kingdom Come: Deliverance II - Royal Edition,"2.249,00 ₺+",https://www.xbox.com/tr-TR/games/store/kingdom-come-deliverance-ii-royal-edition/9PBHX1S4DGZ4/0010,15 Dil,N/A,Bilgisayar | Xbox Series X|S
Destroy All Humans! - Clone Carnage,Ücretsiz,https://www.xbox.com/tr-TR/games/store/destroy-all-humans-clone-carnage/9MZCQQK860T1/0010,12 Dil,N/A,Bilgisayar | Xbox One | Xbox Series X|S
ARC Raiders - Deluxe Edition,"2.500,00 ₺+",https://www.xbox.com/tr-TR/games/store/arc-raiders-deluxe-edition/9P1188TSPWL1/0010,N/A,N/A,Bilgisayar | Xbox Series X|S
High On Life,"288,75 ₺+",https://www.xbox.com/tr-TR/games/store/high-on-life/9NL4714VTLRS/0010,6 Dil,N/A,Bilgisayar | Xbox One | Xbox Series X|S | Handheld
Tomb Raider: Definitive Survivor Trilogy,"869,75 ₺+",https://www.xbox.com/tr-TR/games/store/tomb-raider-definitive-survivor-trilogy/9PG7MTR0MVP9/0010,N/A,N/A,Bilgisayar | Xbox One | Xbox Series X|S
THE HOUSE OF THE DEAD: Remake,"71,25 ₺",https://www.xbox.com/tr-TR/games/store/the-house-of-the-dead-remake/9NCRZW5L1N9M/0010,10 Dil,N/A,Bilgisayar | Xbox One | Xbox Series X|S
NHL 26 Xbox Series X|S,,https://www.xbox.com/tr-TR/games/store/nhl-26-xbox-series-xs/9PC1KTWW5PB5/0010,5 Dil,N/A,Bilgisayar | Xbox Series X|S
Mortal Kombat X,"247,50 ₺+",https://www.xbox.com/tr-TR/games/store/mortal-kombat-x/C01Z9J8S9BJP/0001,9 Dil,N/A,Bilgisayar | Xbox One | Xbox Series X|S
7 Days to Die - Console Edition (Game Preview),"1.600,00 ₺+",https://www.xbox.com/tr-TR/games/store/7-days-to-die-console-edition-game-preview/9P6DWL7R6NTL/0010,13 Dil,N/A,Bilgisayar | Xbox Series X|S
World of Tanks Modern Armor - Karadan ve Denizden,Ücretsiz+,https://www.xbox.com/tr-TR/games/store/world-of-tanks-modern-armor-karadan-ve-denizden/9PP83M4RFT46/0010,10 Dil,N/A,Bilgisayar | Xbox One | Xbox Series X|S
Wizard101,Ücretsiz+,https://www.xbox.com/tr-TR/games/store/wizard101/9NHKG3JGD9Z3/0010,4 Dil,N/A,Bilgisayar | Xbox One | Xbox Series X|S
Snooker Blitz,Ücretsiz+,https://www.xbox.com/tr-TR/games/store/snooker-blitz/9NHQ5CB04K4P/0010,5 Dil,N/A,Bilgisayar | Xbox One | Xbox Series X|S | Handheld
Kingdom Come: Deliverance II,"1.749,00 ₺+",https://www.xbox.com/tr-TR/games/store/kingdom-come-deliverance-ii/9N4W31HSMVVD/0010,16 Dil,N/A,Bilgisayar | Xbox Series X|S | Handheld
Mecha BREAK,Ücretsiz+,https://www.xbox.com/tr-TR/games/store/mecha-break/9N1BZS0V3K0C/0010,11 Dil,N/A,Bilgisayar | Xbox Series X|S | Handheld
Tom Clancy's The Division 2,"116,25 ₺+",https://www.xbox.com/tr-TR/games/store/tom-clancys-the-division-2/BVQ3V30ZXVT5/0001,17 Dil,N/A,Bilgisayar | Xbox One | Xbox Series X|S | Handheld
Differences: Find & Spot them,Ücretsiz+,https://www.xbox.com/tr-TR/games/store/differences-find-spot-them/9NFT742J26K3/0010,N/A,N/A,Bilgisayar | Xbox Series X|S
Call of Duty®: Black Ops 7 - Cross-Gen Paketi,"3.199,00 ₺+",https://www.xbox.com/tr-TR/games/store/call-of-duty-black-ops-7-cross-gen-paketi/9N8KMNW6942X/0010,N/A,N/A,Bilgisayar | Xbox One | Xbox Series X|S
Too Human,Ücretsiz+,https://www.xbox.com/tr-TR/games/store/too-human/BQ216SGGM4M8/0001,N/A,N/A,Bilgisayar | Xbox One | Xbox Series X|S
Xbox One için NBA 2K26,,https://www.xbox.com/tr-TR/games/store/xbox-one-icin-nba-2k26/9PP9PFSCJTWR/0010,9 Dil,N/A,Bilgisayar | Xbox One | Xbox Series X|S
Hogwarts Legacy Xbox One Sürümü,"374,85 ₺+",https://www.xbox.com/tr-TR/games/store/hogwarts-legacy-xbox-one-surumu/9NK4NTBFWW81/0010,15 Dil,N/A,Bilgisayar | Xbox One | Xbox Series X|S
Split Fiction,"1.799,99 ₺+",https://www.xbox.com/tr-TR/games/store/split-fiction/9N1WXXD1RL8D/0010,11 Dil,N/A,Bilgisayar | Xbox Series X|S
HITMAN World of Assassination Part One,"90,00 ₺+",https://www.xbox.com/tr-TR/games/store/hitman-world-of-assassination-part-one/9NT2824TW8VR/0010,9 Dil,N/A,Bilgisayar | Xbox One | Xbox Series X|S
LEGO® Fortnite Brick Life,Ücretsiz+,https://www.xbox.com/tr-TR/games/store/lego-fortnite-brick-life/9NHFDZRD753R/0010,N/A,N/A,Bilgisayar | Xbox One | Xbox Series X|S
Crackdown,Ücretsiz+,https://www.xbox.com/tr-TR/games/store/crackdown/C3VNJHHD7MM4/0001,N/A,N/A,Bilgisayar | Xbox One | Xbox Series X|S
Hotline Miami,"21,00 ₺",https://www.xbox.com/tr-TR/games/store/hotline-miami/9MV27QPRQRRF/0010,13 Dil,N/A,Bilgisayar | Xbox Series X|S
NASCAR 25,"2.400,00 ₺+",https://www.xbox.com/tr-TR/games/store/nascar-25/9NMCWBHJK4ZZ/0010,1 Dil,N/A,Bilgisayar | Xbox Series X|S
Crackdown 2,Ücretsiz+,https://www.xbox.com/tr-TR/games/store/crackdown-2/C0MKH58NBHRG/0001,9 Dil,N/A,Bilgisayar | Xbox One | Xbox Series X|S
Green Hell,"95,81 ₺",https://www.xbox.com/tr-TR/games/store/green-hell/9N39Q75R7G35/0010,17 Dil,N/A,Bilgisayar | Xbox One | Xbox Series X|S
Resident Evil 5,"699,00 ₺+",https://www.xbox.com/tr-TR/games/store/resident-evil-5/C08CV6MR919R/0001,N/A,N/A,Bilgisayar | Xbox One | Xbox Series X|S
RESIDENT EVIL 7 biohazard,"699,00 ₺+",https://www.xbox.com/tr-TR/games/store/resident-evil-7-biohazard/BVFDTJ1XF6CS/0001,N/A,N/A,Bilgisayar | Xbox One | Xbox Series X|S
Blair Witch,"87,60 ₺",https://www.xbox.com/tr-TR/games/store/blair-witch/9NG7LG421V0Q/0010,12 Dil,N/A,Bilgisayar | Xbox One | Xbox Series X|S | Handheld
Star Chef™ 2: Cooking Game,Ücretsiz+,https://www.xbox.com/tr-TR/games/store/star-chef-2-cooking-game/9NGG6Z1RL073/0010,N/A,N/A,Bilgisayar | Xbox Series X|S
Little Ralph - Trial,Ücretsiz,https://www.xbox.com/tr-TR/games/store/little-ralph-trial/9P4XGWLH8CBF/0010,N/A,N/A,Bilgisayar | Xbox One | Xbox Series X|S
Saints Row Gold Edition,"999,00 ₺+",https://www.xbox.com/tr-TR/games/store/saints-row-gold-edition/9N8SZ4VHX3LT/0010,N/A,N/A,Bilgisayar | Xbox One | Xbox Series X|S
Crossout,Ücretsiz+,https://www.xbox.com/tr-TR/games/store/crossout/C0FZNGPNQQRQ/0001,5 Dil,N/A,Bilgisayar | Xbox One | Xbox Series X|S
Fortnite Festival,Ücretsiz+,https://www.xbox.com/tr-TR/games/store/fortnite-festival/9MZL842T57QN/0010,13 Dil,N/A,Bilgisayar | Xbox One | Xbox Series X|S
Borderlands®4,"2.900,00 ₺+",https://www.xbox.com/tr-TR/games/store/borderlands4/9MX6HKF5647G/0010,15 Dil,N/A,Bilgisayar | Xbox Series X|S
Batman™: Arkham Knight,"90,00 ₺+",https://www.xbox.com/tr-TR/games/store/batman-arkham-knight/BSLX1RNXR6H7/0001,10 Dil,N/A,Bilgisayar | Xbox One | Xbox Series X|S
RIDE 5,"2.579,00 ₺+",https://www.xbox.com/tr-TR/games/store/ride-5/9NRDG9Q1V2XM/0010,10 Dil,N/A,Bilgisayar | Xbox Series X|S
Red Dead Redemption 2,"2.099,00 ₺+",https://www.xbox.com/tr-TR/games/store/red-dead-redemption-2/9N2ZDN7NWQKV/0010,14 Dil,N/A,Bilgisayar | Xbox One | Xbox Series X|S
Inops,Ücretsiz,https://www.xbox.com/tr-TR/games/store/inops/9MX3ZLK7N799/0010,N/A,N/A,Bilgisayar | Xbox One | Xbox Series X|S
Life is Strange 2 - 1. Bölüm,Ücretsiz+,https://www.xbox.com/tr-TR/games/store/life-is-strange-2-1-bolum/BTNTWQD5V8WG/0001,N/A,N/A,Bilgisayar | Xbox One | Xbox Series X|S
Raft,"399,00 ₺",https://www.xbox.com/tr-TR/games/store/raft/9P7RBKDTN18T/0010,12 Dil,N/A,Bilgisayar | Xbox Series X|S
Space Jam: A New Legacy - The Game,Ücretsiz,https://www.xbox.com/tr-TR/games/store/space-jam-a-new-legacy-the-game/9N9HW342BZ2X/0010,N/A,N/A,Bilgisayar | Xbox One | Xbox Series X|S
World of Warships: Legends - Stratejik Müttefikler,Ücretsiz+,https://www.xbox.com/tr-TR/games/store/world-of-warships-legends-stratejik-muttefikler/9MVK71ZTFNTF/0010,N/A,N/A,Bilgisayar | Xbox One | Xbox Series X|S
Metro Exodus Gold Edition,"233,00 ₺+",https://www.xbox.com/tr-TR/games/store/metro-exodus-gold-edition/C3BVG9LGGV75/0001,N/A,N/A,Bilgisayar | Xbox One | Xbox Series X|S
The LEGO Movie Videogame,"90,00 ₺+",https://www.xbox.com/tr-TR/games/store/the-lego-movie-videogame/C42GGWF64WH8/0001,11 Dil,N/A,Bilgisayar | Xbox One | Xbox Series X|S
Scott Pilgrim EX,"82,50 ₺",https://www.xbox.com/tr-TR/games/store/scott-pilgrim-ex/9P8RFN5P0423/0010,15 Dil,N/A,Bilgisayar | Xbox One | Xbox Series X|S
Mafia: Trilogy,"374,00 ₺+",https://www.xbox.com/tr-TR/games/store/mafia-trilogy/9NKG0X1MGQTX/0010,N/A,N/A,Bilgisayar | Xbox One | Xbox Series X|S
Call of Duty®: Black Ops III - Zombies Deluxe,"1.439,99 ₺+",https://www.xbox.com/tr-TR/games/store/call-of-duty-black-ops-iii-zombies-deluxe/BPP4NB1CKGP1/0001,N/A,N/A,Bilgisayar | Xbox One | Xbox Series X|S
Killer Instinct,Ücretsiz+,https://www.xbox.com/tr-TR/games/store/killer-instinct/BP4S3XLJG78M/0001,10 Dil,N/A,Bilgisayar | Xbox One | Xbox Series X|S
A Way Out,"152,50 ₺",https://www.xbox.com/tr-TR/games/store/a-way-out/BWVBNCMF22ZK/0001,8 Dil,N/A,Bilgisayar | Xbox One | Xbox Series X|S
"Little Kitty, Big City","24,93 ₺",https://www.xbox.com/tr-TR/games/store/little-kitty-big-city/9NF5S7MLM8XT/0010,13 Dil,N/A,Bilgisayar | Xbox One | Xbox Series X|S | Handheld
Ready or Not,"999,00 ₺+",https://www.xbox.com/tr-TR/games/store/ready-or-not/9NBR63PT4FZC/0010,12 Dil,N/A,Bilgisayar | Xbox Series X|S | Handheld
RoboCop: Rogue City - Unfinished Business,"1.049,00 ₺+",https://www.xbox.com/tr-TR/games/store/robocop-rogue-city-unfinished-business/9NNNFB5F54C9/0010,13 Dil,N/A,Bilgisayar | Xbox Series X|S | Handheld
Echoes of the End: Enhanced Edition,"1.399,00 ₺",https://www.xbox.com/tr-TR/games/store/echoes-of-the-end-enhanced-edition/9PJW26LZSH39/0010,13 Dil,N/A,Bilgisayar | Xbox Series X|S
Capcom Arcade Stadium,Ücretsiz+,https://www.xbox.com/tr-TR/games/store/capcom-arcade-stadium/9N7PQ80B145R/0010,N/A,N/A,Bilgisayar | Xbox One | Xbox Series X|S
Risk of Rain 2,"879,00 ₺+",https://www.xbox.com/tr-TR/games/store/risk-of-rain-2/9P6F6TBGGVK3/0010,N/A,N/A,Bilgisayar | Xbox One | Xbox Series X|S
Faaast Penguin,Ücretsiz+,https://www.xbox.com/tr-TR/games/store/faaast-penguin/9PGHN0G6SK8F/0010,10 Dil,N/A,Bilgisayar | Xbox Series X|S
Dead Island 2,"1.749,00 ₺+",https://www.xbox.com/tr-TR/games/store/dead-island-2/C3L4J3H7H12R/0001,14 Dil,N/A,Bilgisayar | Xbox One | Xbox Series X|S
DEAD OR ALIVE 6: Core Fighters,Ücretsiz+,https://www.xbox.com/tr-TR/games/store/dead-or-alive-6-core-fighters/BTB7HC3ZDL2V/0001,10 Dil,N/A,Bilgisayar | Xbox One | Xbox Series X|S
Tom Clancy's Splinter Cell® Conviction™,"12,25 ₺+",https://www.xbox.com/tr-TR/games/store/tom-clancys-splinter-cell-conviction/BP58JN2GVQS8/0001,N/A,N/A,Bilgisayar | Xbox One | Xbox Series X|S
"Force of Warships: Savaş gemisi oyunu, Deniz Savaşı Savaşı",Ücretsiz+,https://www.xbox.com/tr-TR/games/store/force-of-warships-savas-gemisi-oyunu-deniz-savasi-savasi/9MV55L093NRX/0010,N/A,N/A,Bilgisayar | Xbox Series X|S
Prominence Poker,Ücretsiz+,https://www.xbox.com/tr-TR/games/store/prominence-poker/BXT6TD05Q930/0001,5 Dil,N/A,Bilgisayar | Xbox One | Xbox Series X|S
Lords of the Fallen,"799,00 ₺+",https://www.xbox.com/tr-TR/games/store/lords-of-the-fallen/9N3CJZ3HFHTF/0010,11 Dil,N/A,Bilgisayar | Xbox Series X|S
Sea of Thieves: 2025 Edition,"669,00 ₺+",https://www.xbox.com/tr-TR/games/store/sea-of-thieves-2025-edition/9P2N57MC619K/0010,16 Dil,N/A,Bilgisayar | Xbox One | Xbox Series X|S | Handheld
Kingdom Come: Deliverance – Saga Bundle,"4.299,00 ₺+",https://www.xbox.com/tr-TR/games/store/kingdom-come-deliverance-saga-bundle/9PBXN355JRTR/0010,N/A,N/A,Bilgisayar | Xbox One | Xbox Series X|S
Resident Evil 6,"699,00 ₺+",https://www.xbox.com/tr-TR/games/store/resident-evil-6/BXCVNFBPZHXQ/0001,N/A,N/A,Bilgisayar | Xbox One | Xbox Series X|S
World of Warships: Legends,Ücretsiz+,https://www.xbox.com/tr-TR/games/store/world-of-warships-legends/C1ZT6N30L1WH/0001,10 Dil,N/A,Bilgisayar | Xbox One | Xbox Series X|S
Arma Reforger,"1.299,00 ₺",https://www.xbox.com/tr-TR/games/store/arma-reforger/9NKCKD1WNDQ0/0010,N/A,N/A,Bilgisayar | Xbox Series X|S
LEGO® Marvel Super Heroes 2,"212,50 ₺+",https://www.xbox.com/tr-TR/games/store/lego-marvel-super-heroes-2/C0G91V37489H/0001,15 Dil,N/A,Bilgisayar | Xbox One | Xbox Series X|S
Persona 5 Royal,"699,00 ₺",https://www.xbox.com/tr-TR/games/store/persona-5-royal/9NZDHXL9SJJ8/0010,9 Dil,N/A,Bilgisayar | Xbox One | Xbox Series X|S | Handheld
Subnautica,"1.050,00 ₺",https://www.xbox.com/tr-TR/games/store/subnautica/BX3S1Q5DVHRD/0001,18 Dil,N/A,Bilgisayar | Xbox One | Xbox Series X|S | Handheld
Bayonetta,"160,00 ₺",https://www.xbox.com/tr-TR/games/store/bayonetta/9PCR9Q61R2H1/0010,N/A,N/A,Bilgisayar | Xbox One | Xbox Series X|S
LEGO® Marvel's Avengers,"212,50 ₺+",https://www.xbox.com/tr-TR/games/store/lego-marvels-avengers/BRW7FLNQ19PK/0001,14 Dil,N/A,Bilgisayar | Xbox One | Xbox Series X|S
Prototype® Biohazard Bundle,"45,00 ₺",https://www.xbox.com/tr-TR/games/store/prototype-biohazard-bundle/BR64DHW9XK6B/0001,N/A,N/A,Bilgisayar | Xbox One | Xbox Series X|S
Need for Speed™ Heat,"23,40 ₺+",https://www.xbox.com/tr-TR/games/store/need-for-speed-heat/BRZZLBF5T245/0001,13 Dil,N/A,Bilgisayar | Xbox One | Xbox Series X|S
Grand Theft Auto Online,"349,50 ₺+",https://www.xbox.com/tr-TR/games/store/grand-theft-auto-online/9NKC1Z4Z92VN/0010,14 Dil,N/A,Bilgisayar | Xbox One | Xbox Series X|S
Path of Titans (Game Preview),,https://www.xbox.com/tr-TR/games/store/path-of-titans-game-preview/9PGDD5NS7JF3/0010,24 Dil,N/A,Bilgisayar | Xbox One | Xbox Series X|S
SMITE 2,Ücretsiz+,https://www.xbox.com/tr-TR/games/store/smite-2/9NV8W1KJSQLL/0010,N/A,N/A,Bilgisayar | Xbox Series X|S | Handheld
Modern Tanks: Savaş Tankı Oyunları,Ücretsiz+,https://www.xbox.com/tr-TR/games/store/modern-tanks-savas-tanki-oyunlari/9PMQCWD418SB/0010,N/A,N/A,Bilgisayar | Xbox Series X|S
It Takes Two - Dijital Versiyon,"1.499,99 ₺+",https://www.xbox.com/tr-TR/games/store/it-takes-two-dijital-versiyon/9NXVC0482QS5/0010,12 Dil,N/A,Bilgisayar | Xbox One | Xbox Series X|S
Terminull Brigade™,Ücretsiz+,https://www.xbox.com/tr-TR/games/store/terminull-brigade/9MW1V43D3VZN/0010,6 Dil,N/A,Bilgisayar | Xbox Series X|S | Handheld
BioShock: The Collection,"237,50 ₺",https://www.xbox.com/tr-TR/games/store/bioshock-the-collection/C2HCDG7L1469/0001,N/A,N/A,Bilgisayar | Xbox One | Xbox Series X|S
US Conflict — Tank Battles,Ücretsiz+,https://www.xbox.com/tr-TR/games/store/us-conflict-tank-battles/9P31F9TGSRFN/0010,16 Dil,N/A,Bilgisayar | Xbox One | Xbox Series X|S
Baldur's Gate 3,"1.300,00 ₺+",https://www.xbox.com/tr-TR/games/store/baldurs-gate-3/9ND58LQTG09T/0010,13 Dil,N/A,Bilgisayar | Xbox Series X|S
Jurassic Park Classic Games Collection,"583,33 ₺",https://www.xbox.com/tr-TR/games/store/jurassic-park-classic-games-collection/9NWPK5KCH6KF/0010,5 Dil,N/A,Bilgisayar | Xbox Series X|S
Eksiksiz Sürüm - Avatar: Frontiers of Pandora™,"1.544,25 ₺+",https://www.xbox.com/tr-TR/games/store/eksiksiz-surum-avatar-frontiers-of-pandora/9NG6FPV4FD5M/0010,N/A,N/A,Bilgisayar | Xbox Series X|S
The Four Kings Casino and Slots,Ücretsiz+,https://www.xbox.com/tr-TR/games/store/the-four-kings-casino-and-slots/BP021F0PG0D4/0001,N/A,N/A,Bilgisayar | Xbox One | Xbox Series X|S
Left to Survive,Ücretsiz+,https://www.xbox.com/tr-TR/games/store/left-to-survive/9MW0K11NXKS6/0010,15 Dil,N/A,Bilgisayar | Xbox Series X|S
Capcom Arcade 2nd Stadium,Ücretsiz+,https://www.xbox.com/tr-TR/games/store/capcom-arcade-2nd-stadium/9N3KJT4MHM4Z/0010,11 Dil,N/A,Bilgisayar | Xbox One | Xbox Series X|S
Need for Speed™ Unbound Ultimate Collection,"349,99 ₺+",https://www.xbox.com/tr-TR/games/store/need-for-speed-unbound-ultimate-collection/9N1Q2RN0JQRG/0010,N/A,N/A,Bilgisayar | Xbox Series X|S
Maneater Apex Edition,"35,31 ₺+",https://www.xbox.com/tr-TR/games/store/maneater-apex-edition/9NN8R15LFDGC/0010,N/A,N/A,Bilgisayar | Xbox One | Xbox Series X|S
Century: Age of Ashes - Elite Sentry Edition,Ücretsiz+,https://www.xbox.com/tr-TR/games/store/century-age-of-ashes-elite-sentry-edition/9P0VF4BSN88L/0010,N/A,N/A,Bilgisayar | Xbox One | Xbox Series X|S
Hawken,Ücretsiz+,https://www.xbox.com/tr-TR/games/store/hawken/C1JXWJR46913/0001,5 Dil,N/A,Bilgisayar | Xbox One | Xbox Series X|S
Crossout — ‘Snappy’ Bundle,Ücretsiz+,https://www.xbox.com/tr-TR/games/store/crossout-snappy-bundle/9PMPPXZSF88C/0010,N/A,N/A,Bilgisayar | Xbox One | Xbox Series X|S
Resident Evil 4 Gold Edition,"1.749,00 ₺+",https://www.xbox.com/tr-TR/games/store/resident-evil-4-gold-edition/9P2G4PSMPBR7/0010,14 Dil,N/A,Bilgisayar | Xbox Series X|S
Albion Online,Ücretsiz+,https://www.xbox.com/tr-TR/games/store/albion-online/9PDC9X7BKZR3/0010,14 Dil,N/A,Bilgisayar | Xbox Series X|S
Clicker Heroes,Ücretsiz+,https://www.xbox.com/tr-TR/games/store/clicker-heroes/C5CZ41LM1DLM/0001,N/A,N/A,Bilgisayar | Xbox One | Xbox Series X|S
Seal: WHAT the FUN,Ücretsiz+,https://www.xbox.com/tr-TR/games/store/seal-what-the-fun/9PLFMN1C160R/0010,13 Dil,N/A,Bilgisayar | Xbox One | Xbox Series X|S | Handheld
ELDEN RING,"1.099,00 ₺+",https://www.xbox.com/tr-TR/games/store/elden-ring/9P3J32CTXLRZ/0010,N/A,N/A,Bilgisayar | Xbox One | Xbox Series X|S
Saints Row IV: Re-Elected,"57,50 ₺+",https://www.xbox.com/tr-TR/games/store/saints-row-iv-re-elected/BVCVS12P1H14/0001,N/A,N/A,Bilgisayar | Xbox One | Xbox Series X|S
EA SPORTS FC™ 26 Xbox One,,https://www.xbox.com/tr-TR/games/store/ea-sports-fc-26-xbox-one/9NK13T4QFPQW/0010,21 Dil,N/A,Bilgisayar | Xbox One | Xbox Series X|S
Back 4 Blood: Deluxe Edition,"85,90 ₺+",https://www.xbox.com/tr-TR/games/store/back-4-blood-deluxe-edition/9MZ313B6R2C0/0010,N/A,N/A,Bilgisayar | Xbox One | Xbox Series X|S
DuckTales: Remastered,"27,50 ₺",https://www.xbox.com/tr-TR/games/store/ducktales-remastered/C07J3ZJPGX6Z/0001,N/A,N/A,Bilgisayar | Xbox One | Xbox Series X|S
Rogue Company,Ücretsiz+,https://www.xbox.com/tr-TR/games/store/rogue-company/BPHSZ44NGDB2/0001,8 Dil,N/A,Bilgisayar | Xbox One | Xbox Series X|S
March of Empires,Ücretsiz+,https://www.xbox.com/tr-TR/games/store/march-of-empires/9NB79X98BTC7/0010,N/A,N/A,Bilgisayar | Xbox Series X|S
Enlisted Xbox One,Ücretsiz+,https://www.xbox.com/tr-TR/games/store/enlisted-xbox-one/9PF432CVQBXT/0010,N/A,N/A,Bilgisayar | Xbox One | Xbox Series X|S
Pinball FX,Ücretsiz+,https://www.xbox.com/tr-TR/games/store/pinball-fx/9PLTP0XJ75GS/0010,5 Dil,N/A,Bilgisayar | Xbox One | Xbox Series X|S
Grand Theft Auto V: Premium Edition,"1.199,00 ₺+",https://www.xbox.com/tr-TR/games/store/grand-theft-auto-v-premium-edition/C496CLVXMJP8/0001,14 Dil,N/A,Bilgisayar | Xbox One | Xbox Series X|S
The Crew Motorfest - Xbox Series X|S,,https://www.xbox.com/tr-TR/games/store/the-crew-motorfest-xbox-series-xs/9NTB0ZG811GR/0010,N/A,N/A,Bilgisayar | Xbox One | Xbox Series X|S
HELLDIVERS™ 2 Super Citizen Sürümü,"2.579,00 ₺+",https://www.xbox.com/tr-TR/games/store/helldivers-2-super-citizen-surumu/9P4H9CTBWV3G/0010,14 Dil,N/A,Bilgisayar | Xbox Series X|S
Agony,"50,00 ₺",https://www.xbox.com/tr-TR/games/store/agony/BSRMNB8P5VFF/0001,N/A,N/A,Bilgisayar | Xbox One | Xbox Series X|S
Outward: Definitive Edition,"349,00 ₺",https://www.xbox.com/tr-TR/games/store/outward-definitive-edition/9N4RBWQ471VX/0010,2 Dil,N/A,Bilgisayar | Xbox Series X|S
Devil May Cry 5 Special Edition,"800,00 ₺+",https://www.xbox.com/tr-TR/games/store/devil-may-cry-5-special-edition/9MZ11KT5KLP6/0010,9 Dil,N/A,Bilgisayar | Xbox Series X|S
Docked - Deluxe Edition,"1.649,00 ₺+",https://www.xbox.com/tr-TR/games/store/docked-deluxe-edition/9N4BT5WWMH44/0010,N/A,N/A,Bilgisayar | Xbox Series X|S
Opus Castle,Ücretsiz+,https://www.xbox.com/tr-TR/games/store/opus-castle/9NS2WF6GVWQ6/0010,2 Dil,N/A,Bilgisayar | Xbox One | Xbox Series X|S
Super Animal Royale,Ücretsiz+,https://www.xbox.com/tr-TR/games/store/super-animal-royale/9N872VFSPPQL/0010,N/A,N/A,Bilgisayar | Xbox One | Xbox Series X|S
HOT WHEELS UNLEASHED™ 2 - Turbocharged - Legendary Edition,"3.149,00 ₺+",https://www.xbox.com/tr-TR/games/store/hot-wheels-unleashed-2-turbocharged-legendary-edition/9N3ZBMK6BMQL/0010,13 Dil,N/A,Bilgisayar | Xbox One | Xbox Series X|S
Minecraft: Deluxe Collection,"1.199,00 ₺+",https://www.xbox.com/tr-TR/games/store/minecraft-deluxe-collection/9P4VML1WR91N/0010,25 Dil,N/A,Bilgisayar | Xbox One | Xbox Series X|S
Space Invaders: IG,"25,00 ₺+",https://www.xbox.com/tr-TR/games/store/space-invaders-ig/C5FN9WF5Z4LH/0001,1 Dil,N/A,Bilgisayar | Xbox One | Xbox Series X|S
Grand Theft Auto IV,"59,00 ₺+",https://www.xbox.com/tr-TR/games/store/grand-theft-auto-iv/BRQ2SCZCTXF2/0001,10 Dil,N/A,Bilgisayar | Xbox One | Xbox Series X|S
Slime Rancher 2,"544,25 ₺",https://www.xbox.com/tr-TR/games/store/slime-rancher-2/9PHFJ0N31NV1/0010,9 Dil,N/A,Bilgisayar | Xbox Series X|S | Handheld
Car Mechanic Simulator 2021,"29,75 ₺+",https://www.xbox.com/tr-TR/games/store/car-mechanic-simulator-2021/9NH019ZFFHTV/0010,16 Dil,N/A,Bilgisayar | Xbox One | Xbox Series X|S | Handheld
What Remains of Edith Finch,"90,62 ₺",https://www.xbox.com/tr-TR/games/store/what-remains-of-edith-finch/BSLGLG8P9T01/0001,11 Dil,N/A,Bilgisayar | Xbox One | Xbox Series X|S | Handheld
Call of Duty®,,https://www.xbox.com/tr-TR/games/store/call-of-duty/9N201KQXS5BM/0010,N/A,N/A,Bilgisayar | Xbox One | Xbox Series X|S | Handheld
Path of Exile,Ücretsiz+,https://www.xbox.com/tr-TR/games/store/path-of-exile/BWC95BZPFBS7/0001,N/A,N/A,Bilgisayar | Xbox One | Xbox Series X|S
Puzzle Galaxy Xbox Edition,Ücretsiz+,https://www.xbox.com/tr-TR/games/store/puzzle-galaxy-xbox-edition/9N3MRPP8KKRS/0010,10 Dil,N/A,Bilgisayar | Xbox One | Xbox Series X|S | Handheld
Predecessor,Ücretsiz+,https://www.xbox.com/tr-TR/games/store/predecessor/9NKVBTRRWH6V/0010,6 Dil,N/A,Bilgisayar | Xbox Series X|S
Powerstar Golf,Ücretsiz+,https://www.xbox.com/tr-TR/games/store/powerstar-golf/BNQ94HH98ZTP/0001,9 Dil,N/A,Bilgisayar | Xbox One | Xbox Series X|S
Totally Accurate Battle Simulator,"65,00 ₺",https://www.xbox.com/tr-TR/games/store/totally-accurate-battle-simulator/9PC4RWP34M2D/0010,1 Dil,N/A,Bilgisayar | Xbox One | Xbox Series X|S | Handheld
Alien: Isolation - The Collection,"475,00 ₺+",https://www.xbox.com/tr-TR/games/store/alien-isolation-the-collection/BR3TMVZ9PNWZ/0001,N/A,N/A,Bilgisayar | Xbox One | Xbox Series X|S
Call of Duty® 4: Modern Warfare®,"32,00 ₺+",https://www.xbox.com/tr-TR/games/store/call-of-duty-4-modern-warfare/C1K9426124PR/0001,N/A,N/A,Bilgisayar | Xbox One | Xbox Series X|S
Metaball,Ücretsiz+,https://www.xbox.com/tr-TR/games/store/metaball/9NHXKP9579JX/0010,12 Dil,N/A,Bilgisayar | Xbox One | Xbox Series X|S
Dead Island Definitive Edition,"57,50 ₺",https://www.xbox.com/tr-TR/games/store/dead-island-definitive-edition/BS7F51G3DP8R/0001,7 Dil,N/A,Bilgisayar | Xbox One | Xbox Series X|S
Satisfactory,"1.649,00 ₺",https://www.xbox.com/tr-TR/games/store/satisfactory/9NPR2CG6S95Q/0010,12 Dil,N/A,Bilgisayar | Xbox Series X|S
Kingdom Come: Deliverance,"1.049,00 ₺+",https://www.xbox.com/tr-TR/games/store/kingdom-come-deliverance/BNBWFH89FCF1/0001,N/A,N/A,Bilgisayar | Xbox One | Xbox Series X|S
LEGO® Star Wars™: The Skywalker Saga Galaktik Sürüm,"799,00 ₺+",https://www.xbox.com/tr-TR/games/store/lego-star-wars-the-skywalker-saga-galaktik-surum/9NLSQ26HM4X5/0010,N/A,N/A,Bilgisayar | Xbox One | Xbox Series X|S
DAVE THE DIVER,"529,00 ₺+",https://www.xbox.com/tr-TR/games/store/dave-the-diver/9PC1ZMD65L0T/0010,11 Dil,N/A,Bilgisayar | Xbox One | Xbox Series X|S | Handheld
ON THE ROAD - The Truck Simulator,"157,50 ₺",https://www.xbox.com/tr-TR/games/store/on-the-road-the-truck-simulator/9N61DTKQXBX5/0010,6 Dil,N/A,Bilgisayar | Xbox One | Xbox Series X|S
Call of Duty®: Black Ops Cold War,"712,79 ₺+",https://www.xbox.com/tr-TR/games/store/call-of-duty-black-ops-cold-war/9N2DMQBN9RC4/0010,N/A,N/A,Bilgisayar | Xbox One | Xbox Series X|S
Cuphead,"66,38 ₺+",https://www.xbox.com/tr-TR/games/store/cuphead/9NJRX71M5X9P/0010,13 Dil,N/A,Bilgisayar | Xbox One | Xbox Series X|S | Handheld
Red Dead Online,"349,50 ₺+",https://www.xbox.com/tr-TR/games/store/red-dead-online/9N3L5FF8M6SW/0010,14 Dil,N/A,Bilgisayar | Xbox One | Xbox Series X|S
Jurassic World Evolution 3,"1.750,00 ₺+",https://www.xbox.com/tr-TR/games/store/jurassic-world-evolution-3/9NX7HCWL13Z9/0010,13 Dil,N/A,Bilgisayar | Xbox Series X|S | Handheld
Microsoft Flight Simulator 2024 - Standard Edition,"1.999,99 ₺+",https://www.xbox.com/tr-TR/games/store/microsoft-flight-simulator-2024-standard-edition/9P2VGCTBMM52/0010,18 Dil,N/A,Bilgisayar | Xbox Series X|S
Far Cry® 5 Gold Edition,"105,00 ₺+",https://www.xbox.com/tr-TR/games/store/far-cry-5-gold-edition/BWJK7NTJLKV9/0001,N/A,N/A,Bilgisayar | Xbox One | Xbox Series X|S
Throne and Liberty,Ücretsiz+,https://www.xbox.com/tr-TR/games/store/throne-and-liberty/9MWWJQLQ590G/0010,7 Dil,N/A,Bilgisayar | Xbox Series X|S
Far Cry® 6,"150,00 ₺+",https://www.xbox.com/tr-TR/games/store/far-cry-6/9PBNGCVBGML0/0100,N/A,N/A,Bilgisayar | Xbox One | Xbox Series X|S | Handheld
Call of Duty®: Black Ops 7 - Kasa Sürümü,"3.299,25 ₺+",https://www.xbox.com/tr-TR/games/store/call-of-duty-black-ops-7-kasa-surumu/9PBDS7DPPXM5/0010,N/A,N/A,Bilgisayar | Xbox One | Xbox Series X|S
Scars Above,"749,00 ₺",https://www.xbox.com/tr-TR/games/store/scars-above/9PCDJWCFC4X8/0010,N/A,N/A,Bilgisayar | Xbox One | Xbox Series X|S
City Island 5,Ücretsiz+,https://www.xbox.com/tr-TR/games/store/city-island-5/9PHCH7G3KLP0/0010,N/A,N/A,Bilgisayar | Xbox Series X|S
Docked,"85,00 ₺+",https://www.xbox.com/tr-TR/games/store/docked/9N74LNKWVFSQ/0010,8 Dil,N/A,Bilgisayar | Xbox Series X|S
Farming Simulator 25,"1.449,00 ₺+",https://www.xbox.com/tr-TR/games/store/farming-simulator-25/9NMCDQ6RCJKH/0010,22 Dil,N/A,Bilgisayar | Xbox Series X|S
GreedFall - Gold Edition,"285,00 ₺+",https://www.xbox.com/tr-TR/games/store/greedfall-gold-edition/9NVR6HDTQZT9/0010,N/A,N/A,Bilgisayar | Xbox One | Xbox Series X|S
Mars: War Logs,"48,01 ₺",https://www.xbox.com/tr-TR/games/store/mars-war-logs/C10NTXFNSPBW/0001,N/A,N/A,Bilgisayar | Xbox One | Xbox Series X|S
Frozen Free Fall: Snowball Fight,Ücretsiz+,https://www.xbox.com/tr-TR/games/store/frozen-free-fall-snowball-fight/BRFHK8R9ZX53/0001,9 Dil,N/A,Bilgisayar | Xbox One | Xbox Series X|S
LEGO® BATMAN™ 3: GOTHAM'IN ÖTESİ,"849,00 ₺+",https://www.xbox.com/tr-TR/games/store/lego-batman-3-gothamin-otesi/C0GMW8QH429T/0001,13 Dil,N/A,Bilgisayar | Xbox One | Xbox Series X|S
LEGO® Voyagers Friend’s Pass,Ücretsiz,https://www.xbox.com/tr-TR/games/store/lego-voyagers-friends-pass/9PNPGV4WKS47/0010,2 Dil,N/A,Bilgisayar | Xbox Series X|S
Persona 3 Reload,"2.579,00 ₺+",https://www.xbox.com/tr-TR/games/store/persona-3-reload/9NKK6Z0K3RH2/0010,13 Dil,N/A,Bilgisayar | Xbox One | Xbox Series X|S
Undisputed - Championship Edition,"3.449,00 ₺+",https://www.xbox.com/tr-TR/games/store/undisputed-championship-edition/9PL8FRGL12KG/0010,N/A,N/A,Bilgisayar | Xbox Series X|S
Fallout 76 (PC),"350,00 ₺+",https://www.xbox.com/tr-TR/games/store/fallout-76-pc/9NKGNMNK3K3Z/0010,13 Dil,N/A,Bilgisayar | Xbox Series X|S | Handheld
Party Animals,"362,50 ₺+",https://www.xbox.com/tr-TR/games/store/party-animals/9MZ08RDQ4DM1/0010,N/A,N/A,Bilgisayar | Xbox One | Xbox Series X|S
Dragon's Dogma: Dark Arisen,"879,00 ₺",https://www.xbox.com/tr-TR/games/store/dragons-dogma-dark-arisen/BNGT6SZBFM2T/0001,N/A,N/A,Bilgisayar | Xbox One | Xbox Series X|S
ACE COMBAT™ 7: SKIES UNKNOWN - TOP GUN: Maverick Edition,"74,80 ₺+",https://www.xbox.com/tr-TR/games/store/ace-combat-7-skies-unknown-top-gun-maverick-edition/9N9Q21DVHMX3/0010,N/A,N/A,Bilgisayar | Xbox One | Xbox Series X|S
Hollow Knight: Silksong,"287,50 ₺",https://www.xbox.com/tr-TR/games/store/hollow-knight-silksong/9N116V0599HB/0010,11 Dil,N/A,Bilgisayar | Xbox One | Xbox Series X|S | Handheld
Mafia: The Old Country,"1.949,00 ₺+",https://www.xbox.com/tr-TR/games/store/mafia-the-old-country/9P834N9S4LL0/0010,14 Dil,N/A,Bilgisayar | Xbox Series X|S
Ninja Kaplumbağalar Splinter'ın Kaderi - Alopex Paket,"120,00 ₺+",https://www.xbox.com/tr-TR/games/store/ninja-kaplumbagalar-splinterin-kaderi-alopex-paket/9N4RTV0W08SH/0010,14 Dil,N/A,Bilgisayar | Xbox One | Xbox Series X|S
Slime Rancher,"364,00 ₺+",https://www.xbox.com/tr-TR/games/store/slime-rancher/C2NC88M7NWZ1/0001,6 Dil,N/A,Bilgisayar | Xbox One | Xbox Series X|S
Stardew Valley,"39,00 ₺",https://www.xbox.com/tr-TR/games/store/stardew-valley/C3D891Z6TNQM/0001,14 Dil,N/A,Bilgisayar | Xbox One | Xbox Series X|S
ROUNDS,"14,00 ₺",https://www.xbox.com/tr-TR/games/store/rounds/9N96H0Q62WNZ/0010,9 Dil,N/A,Bilgisayar | Xbox One | Xbox Series X|S
Borderlands 3,"459,00 ₺+",https://www.xbox.com/tr-TR/games/store/borderlands-3/C34NB0F1B5WQ/0001,11 Dil,N/A,Bilgisayar | Xbox One | Xbox Series X|S
Starlit Adventures,Ücretsiz+,https://www.xbox.com/tr-TR/games/store/starlit-adventures/9PFQTLC9BHFB/0010,11 Dil,N/A,Bilgisayar | Xbox One | Xbox Series X|S
Tom Clancy's Splinter Cell: Blacklist,"14,70 ₺+",https://www.xbox.com/tr-TR/games/store/tom-clancys-splinter-cell-blacklist/C26NJ29TKZ1W/0001,N/A,N/A,Bilgisayar | Xbox One | Xbox Series X|S
LEGO® STAR WARS™: Güç Uyanıyor,"130,00 ₺+",https://www.xbox.com/tr-TR/games/store/lego-star-wars-guc-uyaniyor/BSHZGCGJNCN5/0001,14 Dil,N/A,Bilgisayar | Xbox One | Xbox Series X|S
Far Cry® 2,"8,70 ₺+",https://www.xbox.com/tr-TR/games/store/far-cry-2/BRCK1B8950B2/0001,N/A,N/A,Bilgisayar | Xbox One | Xbox Series X|S
Grand Theft Auto V (Xbox One),,https://www.xbox.com/tr-TR/games/store/grand-theft-auto-v-xbox-one/BPJ686W6S0NH/0001,11 Dil,N/A,Bilgisayar | Xbox One | Xbox Series X|S
FINAL FANTASY VII REMAKE INTERGRADE,"1.749,00 ₺",https://www.xbox.com/tr-TR/games/store/final-fantasy-vii-remake-intergrade/9NRQVQ7ZRM7Z/0010,11 Dil,N/A,Bilgisayar | Xbox Series X|S | Handheld
Path of Titans Standart Kurucu Paketi - (Oyun ön izleme),"850,00 ₺+",https://www.xbox.com/tr-TR/games/store/path-of-titans-standart-kurucu-paketi-oyun-on-izleme/9NJV563B1NS5/0010,N/A,N/A,Bilgisayar | Xbox One | Xbox Series X|S
Just Dance Ücretsiz Deneyim,,https://www.xbox.com/tr-TR/games/store/just-dance-ucretsiz-deneyim/9P0LHV4DV2BG/0010,2 Dil,N/A,Bilgisayar | Xbox Series X|S
Paladins,Ücretsiz+,https://www.xbox.com/tr-TR/games/store/paladins/C4PZ0V39GXN2/0001,10 Dil,N/A,Bilgisayar | Xbox One | Xbox Series X|S
DRAGON BALL XENOVERSE 2 - Deluxe Edition,"749,00 ₺+",https://www.xbox.com/tr-TR/games/store/dragon-ball-xenoverse-2-deluxe-edition/C4VHLVCM017T/0001,N/A,N/A,Bilgisayar | Xbox One | Xbox Series X|S
Windbound,"165,00 ₺+",https://www.xbox.com/tr-TR/games/store/windbound/9NMTZWKL8CGM/0010,11 Dil,N/A,Bilgisayar | Xbox One | Xbox Series X|S
Anno 117: Pax Romana,"2.059,00 ₺+",https://www.xbox.com/tr-TR/games/store/anno-117-pax-romana/9NRJ3KNT0JRK/0010,N/A,N/A,Bilgisayar | Xbox Series X|S
Gang Beasts,"362,50 ₺",https://www.xbox.com/tr-TR/games/store/gang-beasts/BPQZT43FWD49/0001,11 Dil,N/A,Bilgisayar | Xbox One | Xbox Series X|S | Handheld
FOR HONOR - Standard Edition,"78,75 ₺+",https://www.xbox.com/tr-TR/games/store/for-honor-standard-edition/9N3DWR830CVN/0010,N/A,N/A,Bilgisayar | Xbox One | Xbox Series X|S
Cuphead & The Delicious Last Course,"76,25 ₺+",https://www.xbox.com/tr-TR/games/store/cuphead-the-delicious-last-course/9NB0115C9WNM/0010,N/A,N/A,Bilgisayar | Xbox One | Xbox Series X|S
Electrician Simulator,"5,62 ₺+",https://www.xbox.com/tr-TR/games/store/electrician-simulator/9NL56ZNV72WT/0010,13 Dil,N/A,Bilgisayar | Xbox One | Xbox Series X|S
"War Tanks: Çevrimiçi Tank Savaşı Oyunu, Tank Simülatörü",Ücretsiz+,https://www.xbox.com/tr-TR/games/store/war-tanks-cevrimici-tank-savasi-oyunu-tank-simulatoru/9PPPG4QLD9J1/0010,N/A,N/A,Bilgisayar | Xbox Series X|S
Castle Crashers Remastered,"76,69 ₺",https://www.xbox.com/tr-TR/games/store/castle-crashers-remastered/C10GWTNNNBZ8/0001,12 Dil,N/A,Bilgisayar | Xbox One | Xbox Series X|S
Stampede: Racing Royale,Ücretsiz+,https://www.xbox.com/tr-TR/games/store/stampede-racing-royale/9N02RR4098R7/0010,11 Dil,N/A,Bilgisayar | Xbox Series X|S | Handheld
Phantasy Star Online 2 New Genesis,Ücretsiz+,https://www.xbox.com/tr-TR/games/store/phantasy-star-online-2-new-genesis/9P1RSQ5MGPCR/0010,2 Dil,N/A,Bilgisayar | Xbox One | Xbox Series X|S
Hollow Knight: Voidheart Edition,"96,50 ₺",https://www.xbox.com/tr-TR/games/store/hollow-knight-voidheart-edition/9MW9469V91LM/0010,10 Dil,N/A,Bilgisayar | Xbox One | Xbox Series X|S | Handheld
I Am Fish,"16,87 ₺",https://www.xbox.com/tr-TR/games/store/i-am-fish/9MXGJ8JZL0LK/0010,10 Dil,N/A,Bilgisayar | Xbox One | Xbox Series X|S | Handheld
Devil May Cry 5 Deluxe + Vergil,"800,00 ₺+",https://www.xbox.com/tr-TR/games/store/devil-may-cry-5-deluxe-vergil/9P4TCKR37TLZ/0010,N/A,N/A,Bilgisayar | Xbox One | Xbox Series X|S
Bum Simulator,"19,68 ₺",https://www.xbox.com/tr-TR/games/store/bum-simulator/9P5BRS3LJN26/0010,12 Dil,N/A,Bilgisayar | Xbox One | Xbox Series X|S
Splitgate,Ücretsiz+,https://www.xbox.com/tr-TR/games/store/splitgate/9P4S1BPJLPHZ/0010,12 Dil,N/A,Bilgisayar | Xbox One | Xbox Series X|S
Killing Floor 2,"129,00 ₺+",https://www.xbox.com/tr-TR/games/store/killing-floor-2/BSB132ZQVWZM/0001,12 Dil,N/A,Bilgisayar | Xbox One | Xbox Series X|S
Cyberpunk 2077,"1.999,00 ₺+",https://www.xbox.com/tr-TR/games/store/cyberpunk-2077/BX3M8L83BBRW/0001,18 Dil,N/A,Bilgisayar | Xbox One | Xbox Series X|S
Digimon Survive,"419,00 ₺+",https://www.xbox.com/tr-TR/games/store/digimon-survive/BWPHJ8LR0MG6/0001,10 Dil,N/A,Bilgisayar | Xbox One | Xbox Series X|S
World of Tanks Modern Armor,Ücretsiz+,https://www.xbox.com/tr-TR/games/store/world-of-tanks-modern-armor/C57L9GR0HHB7/0001,10 Dil,N/A,Bilgisayar | Xbox One | Xbox Series X|S
War Robots: Frontiers - Pilot Yüreği,Ücretsiz+,https://www.xbox.com/tr-TR/games/store/war-robots-frontiers-pilot-yuregi/9NHLV358CD75/0010,N/A,N/A,Bilgisayar | Xbox One | Xbox Series X|S
Chorus,"620,00 ₺+",https://www.xbox.com/tr-TR/games/store/chorus/9NN1Z8LHMFBV/0010,12 Dil,N/A,Bilgisayar | Xbox One | Xbox Series X|S | Handheld
Monster Jam™ Showdown - Big Air Edition,"2.499,00 ₺+",https://www.xbox.com/tr-TR/games/store/monster-jam-showdown-big-air-edition/9NZLKP254MCN/0010,10 Dil,N/A,Bilgisayar | Xbox One | Xbox Series X|S
Sniper Ghost Warrior Contracts 2 Deluxe Arsenal Edition,"725,00 ₺+",https://www.xbox.com/tr-TR/games/store/sniper-ghost-warrior-contracts-2-deluxe-arsenal-edition/9P8WWN640564/0010,N/A,N/A,Bilgisayar | Xbox One | Xbox Series X|S
Grand Theft Auto V Enhanced (PC) ve Great White Shark Kartı Paketi,"719,55 ₺+",https://www.xbox.com/tr-TR/games/store/grand-theft-auto-v-enhanced-pc-ve-great-white-shark-karti-paketi/9P6ZXP2ZRQCV/0010,N/A,N/A,Bilgisayar | Xbox Series X|S
Tom Clancy’s Ghost Recon® Wildlands - Standard Edition,"270,00 ₺+",https://www.xbox.com/tr-TR/games/store/tom-clancys-ghost-recon-wildlands-standard-edition/C2N9CS4FS1QR/0001,16 Dil,N/A,Bilgisayar | Xbox One | Xbox Series X|S
DARK SOULS: REMASTERED,"599,00 ₺",https://www.xbox.com/tr-TR/games/store/dark-souls-remastered/BS18VCF4NLQ9/0001,N/A,N/A,Bilgisayar | Xbox One | Xbox Series X|S
Fallout: New Vegas,"349,00 ₺+",https://www.xbox.com/tr-TR/games/store/fallout-new-vegas/BX3JNK07Z6QK/0001,8 Dil,N/A,Bilgisayar | Xbox One | Xbox Series X|S
Dead Rising 2,"401,99 ₺",https://www.xbox.com/tr-TR/games/store/dead-rising-2/C3CSPBFVQ80K/0001,N/A,N/A,Bilgisayar | Xbox One | Xbox Series X|S
WWE 2K26 Monday Night War Edition,"5.299,00 ₺+",https://www.xbox.com/tr-TR/games/store/wwe-2k26-monday-night-war-edition/9N598NRT0XMX/0010,N/A,N/A,Bilgisayar | Xbox Series X|S
Microsoft Flight Simulator (2020) Standard 40th Anniversary Edition,"1.000,00 ₺+",https://www.xbox.com/tr-TR/games/store/microsoft-flight-simulator-2020-standard-40th-anniversary-edition/9PMQDM08SNK9/0010,12 Dil,N/A,Bilgisayar | Xbox Series X|S
Trove,Ücretsiz+,https://www.xbox.com/tr-TR/games/store/trove/C4M5BK5HMGJD/0001,4 Dil,N/A,Bilgisayar | Xbox One | Xbox Series X|S
Star Wars Outlaws Deluxe Edition,"1.020,00 ₺+",https://www.xbox.com/tr-TR/games/store/star-wars-outlaws-deluxe-edition/9NF2H4QCK8CL/0010,12 Dil,N/A,Bilgisayar | Xbox Series X|S
Halo: The Master Chief Collection,"1.199,00 ₺+",https://www.xbox.com/tr-TR/games/store/halo-the-master-chief-collection/9MT8PTGVHX2P/0010,16 Dil,N/A,Bilgisayar | Xbox One | Xbox Series X|S
F1® 25 Iconic Edition,"3.599,99 ₺+",https://www.xbox.com/tr-TR/games/store/f1-25-iconic-edition/9PC3M91CJFJH/0010,N/A,N/A,Bilgisayar | Xbox Series X|S
Idle Wizard (Xbox One),Ücretsiz+,https://www.xbox.com/tr-TR/games/store/idle-wizard-xbox-one/9MV0ZPWQD9GN/0010,8 Dil,N/A,Bilgisayar | Xbox One | Xbox Series X|S
War Robots: Frontiers,Ücretsiz+,https://www.xbox.com/tr-TR/games/store/war-robots-frontiers/9NKZ0RBTNB9B/0010,12 Dil,N/A,Bilgisayar | Xbox One | Xbox Series X|S
Grounded 2,"1.299,00 ₺+",https://www.xbox.com/tr-TR/games/store/grounded-2/9P77PG7DK0W2/0010,N/A,N/A,Bilgisayar | Xbox Series X|S | Handheld
DEAD OR ALIVE 5 Last Round: Core Fighters,Ücretsiz+,https://www.xbox.com/tr-TR/games/store/dead-or-alive-5-last-round-core-fighters/C5GDG0CQ99RJ/0001,8 Dil,N/A,Bilgisayar | Xbox One | Xbox Series X|S
Metro Redux Bundle,"76,50 ₺",https://www.xbox.com/tr-TR/games/store/metro-redux-bundle/BV6MJX1TDL17/0001,N/A,N/A,Bilgisayar | Xbox One | Xbox Series X|S
Holdfast: Nations At War,"380,00 ₺+",https://www.xbox.com/tr-TR/games/store/holdfast-nations-at-war/9PF53MDNSMHQ/0010,21 Dil,N/A,Bilgisayar | Xbox Series X|S
Monster Hunter Wilds,"2.799,00 ₺+",https://www.xbox.com/tr-TR/games/store/monster-hunter-wilds/9NMT6XFN0LVD/0010,N/A,N/A,Bilgisayar | Xbox Series X|S
Goat Simulator 3,"105,00 ₺+",https://www.xbox.com/tr-TR/games/store/goat-simulator-3/9NMB4T25W817/0010,12 Dil,N/A,Bilgisayar | Xbox Series X|S
Need for Speed™ Unbound,"139,99 ₺+",https://www.xbox.com/tr-TR/games/store/need-for-speed-unbound/9PP837L3Q75D/0010,12 Dil,N/A,Bilgisayar | Xbox Series X|S
Gungrave G.O.R.E. - Complete Bundle,"999,00 ₺+",https://www.xbox.com/tr-TR/games/store/gungrave-gore-complete-bundle/9P5DZFF0VR0V/0010,N/A,N/A,Bilgisayar | Xbox One | Xbox Series X|S
Sonic Racing: CrossWorlds,"2.499,00 ₺+",https://www.xbox.com/tr-TR/games/store/sonic-racing-crossworlds/9NJZSFP2ZNVK/0010,14 Dil,N/A,Bilgisayar | Xbox One | Xbox Series X|S
HOT WHEELS UNLEASHED™ 2 - Turbocharged,"1.749,00 ₺+",https://www.xbox.com/tr-TR/games/store/hot-wheels-unleashed-2-turbocharged/9MWDKL3SD6D9/0010,13 Dil,N/A,Bilgisayar | Xbox One | Xbox Series X|S
MXGP3,"699,00 ₺+",https://www.xbox.com/tr-TR/games/store/mxgp3/BTDHX5Z7GL0W/0001,N/A,N/A,Bilgisayar | Xbox One | Xbox Series X|S
Midnight Club: Los Angeles Complete,"39,00 ₺+",https://www.xbox.com/tr-TR/games/store/midnight-club-los-angeles-complete/BV6WLXGS887C/0001,N/A,N/A,Bilgisayar | Xbox One | Xbox Series X|S
MX vs ATV Legends,"1.000,00 ₺+",https://www.xbox.com/tr-TR/games/store/mx-vs-atv-legends/9NLGR76G498K/0010,11 Dil,N/A,Bilgisayar | Xbox One | Xbox Series X|S
Superball,Ücretsiz+,https://www.xbox.com/tr-TR/games/store/superball/9N4M72L6KGC8/0010,4 Dil,N/A,Bilgisayar | Xbox One | Xbox Series X|S | Handheld
Red Dead Redemption 2: Ultimate Edition,"3.499,00 ₺+",https://www.xbox.com/tr-TR/games/store/red-dead-redemption-2-ultimate-edition/9PH339L3Z99C/0010,14 Dil,N/A,Bilgisayar | Xbox One | Xbox Series X|S
Century: Age of Ashes - Easternvard Renaissance Edition,Ücretsiz+,https://www.xbox.com/tr-TR/games/store/century-age-of-ashes-easternvard-renaissance-edition/9NZJHZ16G17J/0010,N/A,N/A,Bilgisayar | Xbox One | Xbox Series X|S
F.E.A.R. 2,"179,00 ₺+",https://www.xbox.com/tr-TR/games/store/fear-2/9N36FD821RJ5/0010,1 Dil,N/A,Bilgisayar | Xbox One | Xbox Series X|S
Little Nightmares I & II Bundle,"749,00 ₺+",https://www.xbox.com/tr-TR/games/store/little-nightmares-i-ii-bundle/9P9K6RPTCHC3/0010,14 Dil,N/A,Bilgisayar | Xbox One | Xbox Series X|S
DAKAR 18,"114,00 ₺+",https://www.xbox.com/tr-TR/games/store/dakar-18/C13B30356JXW/0001,N/A,N/A,Bilgisayar | Xbox One | Xbox Series X|S
Devil May Cry HD Collection,"600,00 ₺",https://www.xbox.com/tr-TR/games/store/devil-may-cry-hd-collection/BVNRFF9XJ6KM/0001,N/A,N/A,Bilgisayar | Xbox One | Xbox Series X|S
Achilles: Legends Untold,"227,50 ₺",https://www.xbox.com/tr-TR/games/store/achilles-legends-untold/9NLQZLBDKT3Q/0010,12 Dil,N/A,Bilgisayar | Xbox One | Xbox Series X|S
Grounded,"675,00 ₺",https://www.xbox.com/tr-TR/games/store/grounded/9PJTHRNVH62H/0010,17 Dil,N/A,Bilgisayar | Xbox One | Xbox Series X|S | Handheld
Century: Age of Ashes,Ücretsiz+,https://www.xbox.com/tr-TR/games/store/century-age-of-ashes/9NRMXFFD3K13/0010,N/A,N/A,Bilgisayar | Xbox One | Xbox Series X|S | Handheld
Assassin's Creed Origins - Altın Sürüm,"120,00 ₺+",https://www.xbox.com/tr-TR/games/store/assassins-creed-origins-altin-surum/BX8J66WFQ1VK/0001,16 Dil,N/A,Bilgisayar | Xbox One | Xbox Series X|S
EA SPORTS FC™ 26 Ultimate Sürüm Xbox One ve Xbox Series X|S,"3.999,99 ₺+",https://www.xbox.com/tr-TR/games/store/ea-sports-fc-26-ultimate-surum-xbox-one-ve-xbox-series-xs/9NJNJTC600G0/0010,21 Dil,N/A,Bilgisayar | Xbox One | Xbox Series X|S
Assassin's Creed Odyssey - Nihai Sürüm,"185,00 ₺+",https://www.xbox.com/tr-TR/games/store/assassins-creed-odyssey-nihai-surum/BRQGNR1PZHP4/0001,N/A,N/A,Bilgisayar | Xbox One | Xbox Series X|S
CarX Street,"430,00 ₺",https://www.xbox.com/tr-TR/games/store/carx-street/9NN082LMVV2C/0010,8 Dil,N/A,Bilgisayar | Xbox Series X|S
Lawn Mowing Simulator,"27,00 ₺+",https://www.xbox.com/tr-TR/games/store/lawn-mowing-simulator/9NPFJTM4HBH9/0010,12 Dil,N/A,Bilgisayar | Xbox One | Xbox Series X|S | Handheld
Century: Age of Ashes - Gilded Scales Edition,Ücretsiz+,https://www.xbox.com/tr-TR/games/store/century-age-of-ashes-gilded-scales-edition/9N0K0Q39X4NT/0010,N/A,N/A,Bilgisayar | Xbox One | Xbox Series X|S
Sébastien Loeb Rally EVO,"699,00 ₺+",https://www.xbox.com/tr-TR/games/store/sebastien-loeb-rally-evo/BR5BK5PNZKVH/0001,N/A,N/A,Bilgisayar | Xbox One | Xbox Series X|S
Minecraft Legends,"675,00 ₺+",https://www.xbox.com/tr-TR/games/store/minecraft-legends/9NF0D13RPX5L/0010,27 Dil,N/A,Bilgisayar | Xbox One | Xbox Series X|S
Forgive Me Father,"24,93 ₺",https://www.xbox.com/tr-TR/games/store/forgive-me-father/9PJBC4BZPSMR/0010,8 Dil,N/A,Bilgisayar | Xbox One | Xbox Series X|S
Insurgency: Sandstorm - 1-Year Anniversary Edition,"1.150,00 ₺+",https://www.xbox.com/tr-TR/games/store/insurgency-sandstorm-1-year-anniversary-edition/9PDCH498W8XQ/0010,N/A,N/A,Bilgisayar | Xbox One | Xbox Series X|S
Golden Farm,Ücretsiz+,https://www.xbox.com/tr-TR/games/store/golden-farm/9NKP7KQ9NN9K/0010,N/A,N/A,Bilgisayar | Xbox Series X|S
Call of Duty® 3,"24,50 ₺+",https://www.xbox.com/tr-TR/games/store/call-of-duty-3/C2N2L6MHMV34/0001,N/A,N/A,Bilgisayar | Xbox One | Xbox Series X|S
Pinball M,Ücretsiz+,https://www.xbox.com/tr-TR/games/store/pinball-m/9MZKQP6VJ6BC/0010,5 Dil,N/A,Bilgisayar | Xbox One | Xbox Series X|S
Call of Duty® 2,"24,50 ₺+",https://www.xbox.com/tr-TR/games/store/call-of-duty-2/C1Q14RM5224Q/0001,N/A,N/A,Bilgisayar | Xbox One | Xbox Series X|S
Black Myth: Wukong,"2.499,00 ₺+",https://www.xbox.com/tr-TR/games/store/black-myth-wukong/9NWQ1Q1FR0C9/0010,15 Dil,N/A,Bilgisayar | Xbox Series X|S
Need for Speed™ Hot Pursuit Remastered,"55,60 ₺",https://www.xbox.com/tr-TR/games/store/need-for-speed-hot-pursuit-remastered/9NMBJQ0265ZK/0010,11 Dil,N/A,Bilgisayar | Xbox One | Xbox Series X|S
Sledders,"98,75 ₺",https://www.xbox.com/tr-TR/games/store/sledders/9NWPDJCC9J3J/0010,1 Dil,N/A,Bilgisayar | Xbox Series X|S
Thief Simulator,"11,25 ₺+",https://www.xbox.com/tr-TR/games/store/thief-simulator/9N4ZQPM20W8F/0010,N/A,N/A,Bilgisayar | Xbox One | Xbox Series X|S
The Walking Dead: A New Frontier - Episode 1,Ücretsiz+,https://www.xbox.com/tr-TR/games/store/the-walking-dead-a-new-frontier-episode-1/BSRXXBC5L1BV/0001,9 Dil,N/A,Bilgisayar | Xbox One | Xbox Series X|S
Assassin's Creed Shadows Digital Deluxe Edition,"1.700,00 ₺+",https://www.xbox.com/tr-TR/games/store/assassins-creed-shadows-digital-deluxe-edition/9NV1N71TKRZS/0010,13 Dil,N/A,Bilgisayar | Xbox Series X|S
Forza Horizon 6 Standard Edition,"2.999,00 ₺+",https://www.xbox.com/tr-TR/games/store/forza-horizon-6-standard-edition/9PFDT5X4RH8B/0017,N/A,N/A,Bilgisayar | Xbox Series X|S
Kona,"46,25 ₺",https://www.xbox.com/tr-TR/games/store/kona/BXDSG249D6Q2/0001,6 Dil,N/A,Bilgisayar | Xbox One | Xbox Series X|S
Dead by Daylight,"899,00 ₺+",https://www.xbox.com/tr-TR/games/store/dead-by-daylight/C0N22P73QZ60/0001,16 Dil,N/A,Bilgisayar | Xbox One | Xbox Series X|S
LOST PLANET 2,"109,00 ₺+",https://www.xbox.com/tr-TR/games/store/lost-planet-2/C1PJKCDKH6LN/0001,N/A,N/A,Bilgisayar | Xbox One | Xbox Series X|S
Saints Row,"749,00 ₺+",https://www.xbox.com/tr-TR/games/store/saints-row/BTVQTRMQVLJP/0001,14 Dil,N/A,Bilgisayar | Xbox One | Xbox Series X|S
Avatar: Frontiers of Pandora™,"1.000,00 ₺+",https://www.xbox.com/tr-TR/games/store/avatar-frontiers-of-pandora/9N9QJG4S82B5/0010,11 Dil,N/A,Bilgisayar | Xbox Series X|S
House Flipper,"18,07 ₺+",https://www.xbox.com/tr-TR/games/store/house-flipper/9NBFGKQLMV33/0010,12 Dil,N/A,Bilgisayar | Xbox One | Xbox Series X|S | Handheld
Tom Clancy’s Splinter Cell: Double Agent,"14,70 ₺+",https://www.xbox.com/tr-TR/games/store/tom-clancys-splinter-cell-double-agent/BPQ8RMCDSLRL/0001,N/A,N/A,Bilgisayar | Xbox One | Xbox Series X|S
Streets of Rage 4,"150,90 ₺+",https://www.xbox.com/tr-TR/games/store/streets-of-rage-4/9N7H54KNCB9N/0010,11 Dil,N/A,Bilgisayar | Xbox One | Xbox Series X|S | Handheld
Call of Duty®: Black Ops II (2012),"712,79 ₺+",https://www.xbox.com/tr-TR/games/store/call-of-duty-black-ops-ii-2012/9NFB5MDCWF47/0010,N/A,N/A,Bilgisayar | Xbox Series X|S
The Last Oricru - Final Cut,"359,00 ₺",https://www.xbox.com/tr-TR/games/store/the-last-oricru-final-cut/9NHSQV0GRW9Z/0010,N/A,N/A,Bilgisayar | Xbox Series X|S
Taxi Life: A City Driving Simulator,"499,00 ₺+",https://www.xbox.com/tr-TR/games/store/taxi-life-a-city-driving-simulator/9PP1T546WJFM/0010,14 Dil,N/A,Bilgisayar | Xbox Series X|S
Farming Simulator 22,"1.149,00 ₺+",https://www.xbox.com/tr-TR/games/store/farming-simulator-22/9P6SRW1HVW9K/0010,N/A,N/A,Bilgisayar | Xbox One | Xbox Series X|S
Комплект NBA 2K26 × PGA TOUR 2K25,"3.600,00 ₺+",https://www.xbox.com/tr-TR/games/store/komplekt-nba-2k26-pga-tour-2k25/9P6W4ZK1VZ5Z/0010,N/A,N/A,Bilgisayar | Xbox One | Xbox Series X|S
Sid Meier's Civilization VI,"259,00 ₺+",https://www.xbox.com/tr-TR/games/store/sid-meiers-civilization-vi/9N4RSG99KV1X/0010,12 Dil,N/A,Bilgisayar | Xbox One | Xbox Series X|S
SpiderHeck,"450,00 ₺+",https://www.xbox.com/tr-TR/games/store/spiderheck/9N0TRF57SMQH/0010,11 Dil,N/A,Bilgisayar | Xbox One | Xbox Series X|S | Handheld
Bermuda Adventures: çiftlik,Ücretsiz+,https://www.xbox.com/tr-TR/games/store/bermuda-adventures-ciftlik/9P4QK476J199/0010,N/A,N/A,Bilgisayar | Xbox Series X|S
Autopsy Simulator,"1.015,00 ₺",https://www.xbox.com/tr-TR/games/store/autopsy-simulator/9NW593XDJVLV/0010,11 Dil,N/A,Bilgisayar | Xbox Series X|S
AAA Dynamic Scenes,Ücretsiz+,https://www.xbox.com/tr-TR/games/store/aaa-dynamic-scenes/9NP1VPQDRQ0P/0010,13 Dil,N/A,Bilgisayar | Xbox One | Xbox Series X|S
Call of Duty®: Black Ops 7 - Kasa Sürümüne Geçiş,"1.200,00 ₺+",https://www.xbox.com/tr-TR/games/store/call-of-duty-black-ops-7-kasa-surumune-gecis/9MVJSRNN7HM5/0010,N/A,N/A,Bilgisayar | Xbox One | Xbox Series X|S
theHunter: Call of the Wild™,"76,50 ₺+",https://www.xbox.com/tr-TR/games/store/thehunter-call-of-the-wild/BXBJQ1932138/0001,8 Dil,N/A,Bilgisayar | Xbox One | Xbox Series X|S
Sniper Ghost Warrior Contracts Full Arsenal Edition,"725,00 ₺+",https://www.xbox.com/tr-TR/games/store/sniper-ghost-warrior-contracts-full-arsenal-edition/9P898CXX27TD/0010,N/A,N/A,Bilgisayar | Xbox One | Xbox Series X|S
Call of War,Ücretsiz+,https://www.xbox.com/tr-TR/games/store/call-of-war/9PMCB5L27KFF/0010,N/A,N/A,Bilgisayar | Xbox Series X|S
FuzzBall,Ücretsiz,https://www.xbox.com/tr-TR/games/store/fuzzball/9N9Z4GGBN0ZC/0010,N/A,N/A,Bilgisayar | Xbox One | Xbox Series X|S
Monster Energy Supercross - Special Edition,"1.049,00 ₺+",https://www.xbox.com/tr-TR/games/store/monster-energy-supercross-special-edition/BZWKS52TWZWC/0001,N/A,N/A,Bilgisayar | Xbox One | Xbox Series X|S
BMX Streets,"71,25 ₺",https://www.xbox.com/tr-TR/games/store/bmx-streets/9NDLF3H1FCQ6/0010,31 Dil,N/A,Bilgisayar | Xbox Series X|S
Terraria,"55,00 ₺",https://www.xbox.com/tr-TR/games/store/terraria/BTNPS60N3114/0001,5 Dil,N/A,Bilgisayar | Xbox One | Xbox Series X|S
Supermarket Simulator DLC Bundle,"449,00 ₺",https://www.xbox.com/tr-TR/games/store/supermarket-simulator-dlc-bundle/9N4F2G1W0CQJ/0010,20 Dil,N/A,Bilgisayar | Xbox One | Xbox Series X|S
Iron Harvest Complete Edition,"439,00 ₺",https://www.xbox.com/tr-TR/games/store/iron-harvest-complete-edition/9PKXGRWS6FDD/0010,12 Dil,N/A,Bilgisayar | Xbox Series X|S
Minecraft Dungeons Ultimate Edition for Windows,"669,00 ₺+",https://www.xbox.com/tr-TR/games/store/minecraft-dungeons-ultimate-edition-for-windows/9NZ12RV7B7R3/0010,16 Dil,N/A,Bilgisayar | Xbox Series X|S
Tom Clancy's The Division,"151,35 ₺+",https://www.xbox.com/tr-TR/games/store/tom-clancys-the-division/BRGPD72KHM3Q/0001,22 Dil,N/A,Bilgisayar | Xbox One | Xbox Series X|S
Neverwinter,Ücretsiz+,https://www.xbox.com/tr-TR/games/store/neverwinter/C0GQP41KXPVZ/0001,N/A,N/A,Bilgisayar | Xbox One | Xbox Series X|S
Resident Evil,"401,99 ₺",https://www.xbox.com/tr-TR/games/store/resident-evil/BNZQJ2FBTDM7/0001,N/A,N/A,Bilgisayar | Xbox One | Xbox Series X|S
South Park™: The Stick of Truth™,"35,00 ₺",https://www.xbox.com/tr-TR/games/store/south-park-the-stick-of-truth/C0QDQ0KX4HDV/0001,N/A,N/A,Bilgisayar | Xbox One | Xbox Series X|S
Heart of Darkness Collection,"1.949,00 ₺+",https://www.xbox.com/tr-TR/games/store/heart-of-darkness-collection/9P9SF1VCFPBD/0010,N/A,N/A,Bilgisayar | Xbox One | Xbox Series X|S
Dying Light: The Beast Deluxe Edition,"2.650,00 ₺+",https://www.xbox.com/tr-TR/games/store/dying-light-the-beast-deluxe-edition/9P7DBQ4GP5X0/0010,N/A,N/A,Bilgisayar | Xbox Series X|S
Metal Eden,"495,00 ₺",https://www.xbox.com/tr-TR/games/store/metal-eden/9PP1WHRP17BK/0010,12 Dil,N/A,Bilgisayar | Xbox Series X|S
Jurassic World Evolution 3: Deluxe Edition,"2.200,00 ₺+",https://www.xbox.com/tr-TR/games/store/jurassic-world-evolution-3-deluxe-edition/9P7VVC7BTZNX/0010,13 Dil,N/A,Bilgisayar | Xbox Series X|S
PING REDUX,Ücretsiz,https://www.xbox.com/tr-TR/games/store/ping-redux/BTCRQ7V311BM/0001,N/A,N/A,Bilgisayar | Xbox One | Xbox Series X|S
Island Saver,Ücretsiz+,https://www.xbox.com/tr-TR/games/store/island-saver/9NKJBN2RMQXB/0010,N/A,N/A,Bilgisayar | Xbox One | Xbox Series X|S
ARK: Survival Evolved,"42,50 ₺+",https://www.xbox.com/tr-TR/games/store/ark-survival-evolved/BNBLC4ZGFNKB/0001,16 Dil,N/A,Bilgisayar | Xbox One | Xbox Series X|S
RetroRealms Arcade,Ücretsiz+,https://www.xbox.com/tr-TR/games/store/retrorealms-arcade/9PGHVX9B5RZS/0010,7 Dil,N/A,Bilgisayar | Xbox One | Xbox Series X|S
Stick Fight: The Game,"25,75 ₺",https://www.xbox.com/tr-TR/games/store/stick-fight-the-game/C135285K8B33/0001,2 Dil,N/A,Bilgisayar | Xbox One | Xbox Series X|S
CRSED: F.O.A.D.,Ücretsiz+,https://www.xbox.com/tr-TR/games/store/crsed-foad/C3NNLTHW9T9W/0001,7 Dil,N/A,Bilgisayar | Xbox One | Xbox Series X|S
CloverPit,"28,75 ₺",https://www.xbox.com/tr-TR/games/store/cloverpit/9P8V7HR160B4/0010,11 Dil,N/A,Bilgisayar | Xbox One | Xbox Series X|S | Handheld
Monster Jam™ Showdown,"1.749,00 ₺+",https://www.xbox.com/tr-TR/games/store/monster-jam-showdown/9MVFWHBPVGP8/0010,10 Dil,N/A,Bilgisayar | Xbox One | Xbox Series X|S
Call of Duty®: Modern Warfare® 2 Campaign Remastered,"169,50 ₺",https://www.xbox.com/tr-TR/games/store/call-of-duty-modern-warfare-2-campaign-remastered/9N2CTV36Z5S6/0010,N/A,N/A,Bilgisayar | Xbox One | Xbox Series X|S
Alan Wake,"6,19 ₺",https://www.xbox.com/tr-TR/games/store/alan-wake/9NKV44QF1R68/0010,N/A,N/A,Bilgisayar | Xbox Series X|S | Handheld
Adventure Escape Mysteries,Ücretsiz+,https://www.xbox.com/tr-TR/games/store/adventure-escape-mysteries/9NX4MFC86ZHD/0010,N/A,N/A,Bilgisayar | Xbox Series X|S
THE KING OF FIGHTERS XV Ultimate Edition,"2.099,00 ₺+",https://www.xbox.com/tr-TR/games/store/the-king-of-fighters-xv-ultimate-edition/9PP3CJXFKC9V/0010,N/A,N/A,Bilgisayar | Xbox Series X|S
Dungeon Defenders II,Ücretsiz+,https://www.xbox.com/tr-TR/games/store/dungeon-defenders-ii/BZFB1F31614J/0001,N/A,N/A,Bilgisayar | Xbox One | Xbox Series X|S
LEGO® Star Wars™: The Skywalker Saga,"599,00 ₺+",https://www.xbox.com/tr-TR/games/store/lego-star-wars-the-skywalker-saga/9NJN1MC1X5FK/0010,N/A,N/A,Bilgisayar | Xbox One | Xbox Series X|S
Deep Rock Galactic - Ultimate Edition,"42,37 ₺+",https://www.xbox.com/tr-TR/games/store/deep-rock-galactic-ultimate-edition/9NFHWSJ3JWSC/0010,N/A,N/A,Bilgisayar | Xbox One | Xbox Series X|S
ELDEN RING NIGHTREIGN,"1.399,00 ₺+",https://www.xbox.com/tr-TR/games/store/elden-ring-nightreign/9PJ22QNVCZ3G/0010,N/A,N/A,Bilgisayar | Xbox One | Xbox Series X|S
This War of Mine: The Little Ones,"70,00 ₺",https://www.xbox.com/tr-TR/games/store/this-war-of-mine-the-little-ones/BSZ576R612B0/0001,N/A,N/A,Bilgisayar | Xbox One | Xbox Series X|S
Rust Console Edition X|S,"1.910,00 ₺+",https://www.xbox.com/tr-TR/games/store/rust-console-edition-xs/9PJVJ4WF031H/0010,N/A,N/A,Bilgisayar | Xbox Series X|S
REANIMAL - Digital Deluxe Edition,"2.649,00 ₺+",https://www.xbox.com/tr-TR/games/store/reanimal-digital-deluxe-edition/9NB3XVDJHSM8/0010,15 Dil,N/A,Bilgisayar | Xbox Series X|S
MindsEye - Deluxe Edition,"2.900,00 ₺+",https://www.xbox.com/tr-TR/games/store/mindseye-deluxe-edition/9P3LPB2X2DT6/0010,N/A,N/A,Bilgisayar | Xbox Series X|S
MotoGP™19,"699,00 ₺+",https://www.xbox.com/tr-TR/games/store/motogp19/C3VCWTXHWN1Z/0001,N/A,N/A,Bilgisayar | Xbox One | Xbox Series X|S
Century: Age of Ashes - Champion's Edition,Ücretsiz+,https://www.xbox.com/tr-TR/games/store/century-age-of-ashes-champions-edition/9MVTGWDJD7TP/0010,N/A,N/A,Bilgisayar | Xbox One | Xbox Series X|S
Beat Cop,"3,50 ₺",https://www.xbox.com/tr-TR/games/store/beat-cop/9P3FJK2XQ6L7/0010,N/A,N/A,Bilgisayar | Xbox One | Xbox Series X|S
SMITE,Ücretsiz+,https://www.xbox.com/tr-TR/games/store/smite/C2MHS238PDNS/0001,11 Dil,N/A,Bilgisayar | Xbox One | Xbox Series X|S
Card Storm Idle,Ücretsiz+,https://www.xbox.com/tr-TR/games/store/card-storm-idle/9P0LNTGQH4XH/0010,1 Dil,N/A,Bilgisayar | Xbox Series X|S
Star Wars Outlaws Ultimate Edition,"1.470,00 ₺+",https://www.xbox.com/tr-TR/games/store/star-wars-outlaws-ultimate-edition/9P5878SXKVLC/0010,12 Dil,N/A,Bilgisayar | Xbox Series X|S
Call of Duty®: Infinite Warfare,,https://www.xbox.com/tr-TR/games/store/call-of-duty-infinite-warfare/BTCHP5NTZ053/0001,10 Dil,N/A,Bilgisayar | Xbox One | Xbox Series X|S
Control Ultimate Edition - Xbox Series X|S,"31,35 ₺",https://www.xbox.com/tr-TR/games/store/control-ultimate-edition-xbox-series-xs/9P4D0K92BM7V/0010,N/A,N/A,Bilgisayar | Xbox One | Xbox Series X|S
Card Storm Idle (Xbox One),Ücretsiz+,https://www.xbox.com/tr-TR/games/store/card-storm-idle-xbox-one/9N5C7M066Z68/0010,1 Dil,N/A,Bilgisayar | Xbox One | Xbox Series X|S
Pigeon Simulator,"619,00 ₺",https://www.xbox.com/tr-TR/games/store/pigeon-simulator/9NRHQLZX3900/0010,1 Dil,N/A,Bilgisayar | Xbox One | Xbox Series X|S | Handheld
Borderlands Legendary Collection,"279,01 ₺+",https://www.xbox.com/tr-TR/games/store/borderlands-legendary-collection/9N951JR9T3FX/0010,N/A,N/A,Bilgisayar | Xbox One | Xbox Series X|S
Splosion Man,"18,25 ₺+",https://www.xbox.com/tr-TR/games/store/splosion-man/C1JKCSRT3XCN/0001,N/A,N/A,Bilgisayar | Xbox One | Xbox Series X|S
Insects: Xbox One X Enhanced Deneyimi,Ücretsiz,https://www.xbox.com/tr-TR/games/store/insects-xbox-one-x-enhanced-deneyimi/9P798W4VDT91/0010,N/A,N/A,Bilgisayar | Xbox One | Xbox Series X|S
Dragon's Dogma 2 Deluxe Edition,"2.999,00 ₺+",https://www.xbox.com/tr-TR/games/store/dragons-dogma-2-deluxe-edition/9MXKNKXMRRMZ/0010,14 Dil,N/A,Bilgisayar | Xbox Series X|S
Baldur's Gate 3 - Digital Deluxe Edition,"1.450,00 ₺+",https://www.xbox.com/tr-TR/games/store/baldurs-gate-3-digital-deluxe-edition/9N4WFSL71XXZ/0010,13 Dil,N/A,Bilgisayar | Xbox Series X|S
Battlefield™ 6 Phantom Edition,"2.999,99 ₺+",https://www.xbox.com/tr-TR/games/store/battlefield-6-phantom-edition/9P4BB02MWDZK/0010,13 Dil,N/A,Bilgisayar | Xbox Series X|S
Need for Speed™ Ultimate Bundle,"80,00 ₺+",https://www.xbox.com/tr-TR/games/store/need-for-speed-ultimate-bundle/BSCM85R533J3/0001,N/A,N/A,Bilgisayar | Xbox One | Xbox Series X|S
Graveyard Keeper,"12,25 ₺+",https://www.xbox.com/tr-TR/games/store/graveyard-keeper/C11GZGMKRTCV/0001,N/A,N/A,Bilgisayar | Xbox One | Xbox Series X|S
Hole io,"176,25 ₺+",https://www.xbox.com/tr-TR/games/store/hole-io/9N13JZCRPPRG/0010,1 Dil,N/A,Bilgisayar | Xbox One | Xbox Series X|S | Handheld
SONIC X SHADOW GENERATIONS Digital Deluxe Sürümü,"1.949,00 ₺+",https://www.xbox.com/tr-TR/games/store/sonic-x-shadow-generations-digital-deluxe-surumu/9PMBGJTF3536/0010,N/A,N/A,Bilgisayar | Xbox One | Xbox Series X|S
ARK: Survival Ascended,"1.785,05 ₺+",https://www.xbox.com/tr-TR/games/store/ark-survival-ascended/9P33VJGVPHVP/0010,13 Dil,N/A,Bilgisayar | Xbox Series X|S | Handheld
The Crew Motorfest - Xbox One,,https://www.xbox.com/tr-TR/games/store/the-crew-motorfest-xbox-one/9PB5JN044BHZ/0010,N/A,N/A,Bilgisayar | Xbox One | Xbox Series X|S
Duke Nukem 3D: 20th Anniversary World Tour,"57,81 ₺",https://www.xbox.com/tr-TR/games/store/duke-nukem-3d-20th-anniversary-world-tour/BZF309Q32MDT/0001,N/A,N/A,Bilgisayar | Xbox One | Xbox Series X|S
Pathfinder: Wrath of the Righteous - Game of the Year Edition,"480,00 ₺+",https://www.xbox.com/tr-TR/games/store/pathfinder-wrath-of-the-righteous-game-of-the-year-edition/9N7B36TT5HG9/0010,7 Dil,N/A,Bilgisayar | Xbox One | Xbox Series X|S
Lightyear Frontier (Game Preview),"375,00 ₺+",https://www.xbox.com/tr-TR/games/store/lightyear-frontier-game-preview/9NDX2927SND9/0010,12 Dil,N/A,Bilgisayar | Xbox Series X|S | Handheld
STAR WARS™ Battlefront™ II,"137,50 ₺+",https://www.xbox.com/tr-TR/games/store/star-wars-battlefront-ii/C0GWTPD0S8S1/0001,11 Dil,N/A,Bilgisayar | Xbox One | Xbox Series X|S
Liquor Store Simulator,"549,00 ₺",https://www.xbox.com/tr-TR/games/store/liquor-store-simulator/9NRQNN7D8JPL/0010,17 Dil,N/A,Bilgisayar | Xbox One | Xbox Series X|S | Handheld
Crime Simulator,"799,00 ₺",https://www.xbox.com/tr-TR/games/store/crime-simulator/9P05MZMS92DQ/0010,N/A,N/A,Bilgisayar | Xbox Series X|S
Devil May Cry 4 Special Edition,"499,99 ₺+",https://www.xbox.com/tr-TR/games/store/devil-may-cry-4-special-edition/BPZT3CQCCWKG/0001,N/A,N/A,Bilgisayar | Xbox One | Xbox Series X|S
RoboCop: Rogue City - Alex Murphy Edition,"1.949,00 ₺+",https://www.xbox.com/tr-TR/games/store/robocop-rogue-city-alex-murphy-edition/9NSBZNCJ4BB6/0010,12 Dil,N/A,Bilgisayar | Xbox Series X|S
Legacy of Kain: Defiance Remastered,"1.079,00 ₺+",https://www.xbox.com/tr-TR/games/store/legacy-of-kain-defiance-remastered/9NH1WTX8VXCC/0010,N/A,N/A,Bilgisayar | Xbox One | Xbox Series X|S | Handheld
Arcadegeddon,Ücretsiz+,https://www.xbox.com/tr-TR/games/store/arcadegeddon/9PKR5R6L4L47/0010,11 Dil,N/A,Bilgisayar | Xbox Series X|S
Destiny - The Collection,"399,00 ₺+",https://www.xbox.com/tr-TR/games/store/destiny-the-collection/C3GDK9QKWLRD/0001,N/A,N/A,Bilgisayar | Xbox One | Xbox Series X|S
Grim Idle (Xbox One),Ücretsiz+,https://www.xbox.com/tr-TR/games/store/grim-idle-xbox-one/9PP5K1FTFHJR/0010,2 Dil,N/A,Bilgisayar | Xbox One | Xbox Series X|S
Five Nights at Freddy's,"22,50 ₺",https://www.xbox.com/tr-TR/games/store/five-nights-at-freddys/9N5253J559LR/0010,11 Dil,N/A,Bilgisayar | Xbox One | Xbox Series X|S | Handheld
Pacific Drive,"492,00 ₺+",https://www.xbox.com/tr-TR/games/store/pacific-drive/9PNKG0WBL61W/0010,13 Dil,N/A,Bilgisayar | Xbox Series X|S | Handheld
Pinball Arcade,Ücretsiz+,https://www.xbox.com/tr-TR/games/store/pinball-arcade/BX1JCFLJT5KX/0001,N/A,N/A,Bilgisayar | Xbox One | Xbox Series X|S
MLB® The Show™ 25 Standard Edition,"2.400,00 ₺+",https://www.xbox.com/tr-TR/games/store/mlb-the-show-25-standard-edition/9PJ6W7RC6H71/0010,1 Dil,N/A,Bilgisayar | Xbox Series X|S
DmC Devil May Cry: Definitive Edition,"600,00 ₺",https://www.xbox.com/tr-TR/games/store/dmc-devil-may-cry-definitive-edition/C27LHB0DH095/0001,N/A,N/A,Bilgisayar | Xbox One | Xbox Series X|S
High On Life 2,"2.469,00 ₺+",https://www.xbox.com/tr-TR/games/store/high-on-life-2/9NF6XPSBTTGB/0010,8 Dil,N/A,Bilgisayar | Xbox Series X|S | Handheld
Fallout 4,"143,75 ₺+",https://www.xbox.com/tr-TR/games/store/fallout-4/C3KLDKZBHNCZ/0001,11 Dil,N/A,Bilgisayar | Xbox One | Xbox Series X|S | Handheld
MotoGP™25 - Xbox Series X|S,"2.499,00 ₺+",https://www.xbox.com/tr-TR/games/store/motogp25-xbox-series-xs/9PMXCJGSQBL8/0010,10 Dil,N/A,Bilgisayar | Xbox Series X|S
The Chant,"415,30 ₺+",https://www.xbox.com/tr-TR/games/store/the-chant/9NX008DVW20T/0010,N/A,N/A,Bilgisayar | Xbox Series X|S
World War Z,"390,00 ₺+",https://www.xbox.com/tr-TR/games/store/world-war-z/BWQ5FC9WDJ6H/0001,12 Dil,N/A,Bilgisayar | Xbox One | Xbox Series X|S
Star Trek Online,Ücretsiz+,https://www.xbox.com/tr-TR/games/store/star-trek-online/C3LF9PCRP9RP/0001,2 Dil,N/A,Bilgisayar | Xbox One | Xbox Series X|S
Word Quest Pirates,"68,00 ₺",https://www.xbox.com/tr-TR/games/store/word-quest-pirates/9PKGGJR797L2/0010,1 Dil,N/A,Bilgisayar | Xbox One | Xbox Series X|S
Scorn,"91,24 ₺",https://www.xbox.com/tr-TR/games/store/scorn/9NM3TNRPQXLR/0010,24 Dil,N/A,Bilgisayar | Xbox Series X|S | Handheld
Assassin's Creed Unity,"35,00 ₺+",https://www.xbox.com/tr-TR/games/store/assassins-creed-unity/BRQH27C9RGXS/0001,N/A,N/A,Bilgisayar | Xbox One | Xbox Series X|S
Need for Speed™ Deluxe Edition,"52,42 ₺+",https://www.xbox.com/tr-TR/games/store/need-for-speed-deluxe-edition/C43BGCBS0TVL/0001,N/A,N/A,Bilgisayar | Xbox One | Xbox Series X|S
Küllerinden Doğan Sürümü - Avatar: Frontiers of Pandora™,"1.094,25 ₺+",https://www.xbox.com/tr-TR/games/store/kullerinden-dogan-surumu-avatar-frontiers-of-pandora/9NGZSKX9BJRZ/0010,N/A,N/A,Bilgisayar | Xbox Series X|S
Tom Clancy's Ghost Recon® Breakpoint,"90,00 ₺+",https://www.xbox.com/tr-TR/games/store/tom-clancys-ghost-recon-breakpoint/C3VVNLQQ54F8/0001,16 Dil,N/A,Bilgisayar | Xbox One | Xbox Series X|S
Grand Theft Auto V Enhanced (PC),"1.049,00 ₺+",https://www.xbox.com/tr-TR/games/store/grand-theft-auto-v-enhanced-pc/9NXFX68ZNKK0/0010,14 Dil,N/A,Bilgisayar | Xbox Series X|S
Virtual Villagers Origins 2 Xbox,Ücretsiz+,https://www.xbox.com/tr-TR/games/store/virtual-villagers-origins-2-xbox/9PJL0VR9K32X/0010,N/A,N/A,Bilgisayar | Xbox One | Xbox Series X|S
Deus Ex: Bölünmüş İnsanlık - Dijital Deluxe Sürümü,"798,75 ₺+",https://www.xbox.com/tr-TR/games/store/deus-ex-bolunmus-insanlik-dijital-deluxe-surumu/BQGPXM2H3T4H/0001,N/A,N/A,Bilgisayar | Xbox One | Xbox Series X|S
Undertale,"50,14 ₺",https://www.xbox.com/tr-TR/games/store/undertale/9PJGGX9XJXPB/0010,N/A,N/A,Bilgisayar | Xbox One | Xbox Series X|S
Century: Age of Ashes - Gaalnür's Rage Edition,Ücretsiz+,https://www.xbox.com/tr-TR/games/store/century-age-of-ashes-gaalnurs-rage-edition/9NZ47R1HNPQ1/0010,N/A,N/A,Bilgisayar | Xbox One | Xbox Series X|S
Monster Hunter Rise + Sunbreak Deluxe,"2.499,00 ₺+",https://www.xbox.com/tr-TR/games/store/monster-hunter-rise-sunbreak-deluxe/9MSPCTN183CS/0010,N/A,N/A,Bilgisayar | Xbox One | Xbox Series X|S
Happy Wars,Ücretsiz+,https://www.xbox.com/tr-TR/games/store/happy-wars/BV95S3CSP2DW/0001,9 Dil,N/A,Bilgisayar | Xbox One | Xbox Series X|S
Hell Let Loose,"1.499,00 ₺+",https://www.xbox.com/tr-TR/games/store/hell-let-loose/9N44WK3WV2HJ/0010,12 Dil,N/A,Bilgisayar | Xbox Series X|S | Handheld
RESIDENT EVIL 2,"1.399,00 ₺+",https://www.xbox.com/tr-TR/games/store/resident-evil-2/BWMH951M3G3P/0001,N/A,N/A,Bilgisayar | Xbox One | Xbox Series X|S | Handheld
Five Nights at Freddy's: Original Series,"88,75 ₺",https://www.xbox.com/tr-TR/games/store/five-nights-at-freddys-original-series/9PJ2DSSXZR0P/0010,N/A,N/A,Bilgisayar | Xbox One | Xbox Series X|S
Dreamfall Chapters,"70,00 ₺",https://www.xbox.com/tr-TR/games/store/dreamfall-chapters/BX7BC0M2NCGJ/0001,N/A,N/A,Bilgisayar | Xbox One | Xbox Series X|S
Saints Row 2,"29,00 ₺+",https://www.xbox.com/tr-TR/games/store/saints-row-2/BRSZV60TT078/0001,N/A,N/A,Bilgisayar | Xbox One | Xbox Series X|S
Lords of the Fallen (2014),"79,60 ₺+",https://www.xbox.com/tr-TR/games/store/lords-of-the-fallen-2014/C5FP8DQ3R1WF/0001,N/A,N/A,Bilgisayar | Xbox One | Xbox Series X|S
TT Isle Of Man: Ride on the Edge 3,"1.100,00 ₺+",https://www.xbox.com/tr-TR/games/store/tt-isle-of-man-ride-on-the-edge-3/9PBJ36QL2N9V/0010,13 Dil,N/A,Bilgisayar | Xbox One | Xbox Series X|S
Gears of War 4,"49,99 ₺+",https://www.xbox.com/tr-TR/games/store/gears-of-war-4/9NBLGGH4PBBM/0010,13 Dil,N/A,Bilgisayar | Xbox One | Xbox Series X|S
Sonic Frontiers Digital Deluxe Edition,"1.099,00 ₺+",https://www.xbox.com/tr-TR/games/store/sonic-frontiers-digital-deluxe-edition/9ND82BSMPZQM/0010,N/A,N/A,Bilgisayar | Xbox One | Xbox Series X|S
Tormented Souls,"699,00 ₺",https://www.xbox.com/tr-TR/games/store/tormented-souls/9MWZ8JV5TSQG/0010,11 Dil,N/A,Bilgisayar | Xbox One | Xbox Series X|S
Lost Planet 3,"59,00 ₺+",https://www.xbox.com/tr-TR/games/store/lost-planet-3/BTVQW5LF9JPV/0001,13 Dil,N/A,Bilgisayar | Xbox One | Xbox Series X|S
